date,rawContent,url,sentiment_vader,sentiment_textblob,direct_url
2023-01-23 09:54:51+00:00,Thiem gibt vor Davis-Cup-Duell mit Kroatien Entwarnung:  https://t.co/A43nXrB04Y,https://t.co/A43nXrB04Y,0.0,0.0,https://www.derstandard.at/story/2000142813512/thiem-gab-vor-davis-cup-duell-mit-kroatien-entwarnung
2023-01-06 11:28:36+00:00,Österreich in Bestbesetzung ins Davis-Cup-Duell mit Kroatien:  https://t.co/oSvBGx5hgA,https://t.co/oSvBGx5hgA,0.0,0.0,https://www.derstandard.at/story/2000142347175/oesterreich-in-bestbesetzung-ins-davis-cup-duell-mit-kroatien
2023-01-04 05:14:58+00:00,Großer Ansturm? Was der Schengen-Beitritt Kroatiens für den Tourismus bedeutet:  https://t.co/bI6od59kcd,https://t.co/bI6od59kcd,0.0,0.0,https://www.derstandard.at/story/2000142270776/grosser-ansturm-was-der-schengen-beitritt-kroatiens-fuer-den-tourismus
2023-01-03 13:32:51+00:00,Kritik in Kroatien über Preiserhöhungen infolge der Euro-Einführung:  https://t.co/5dlpYndJFe,https://t.co/5dlpYndJFe,0.0,0.0,https://www.derstandard.de/story/2000142267688/kritik-in-kroatien-ueber-preiserhoehungen-infolge-der-euro-einfuehrung
2023-01-01 06:54:57+00:00,Kroatien führt den Euro ein und wird Schengenland:  https://t.co/pJzxEGE8uj,https://t.co/pJzxEGE8uj,0.0,0.0,https://www.derstandard.at/story/2000142211767/kroatien-fuehrt-den-euro-ein-und-wird-schengenland
2022-12-17 17:03:05+00:00,Kroatien holt mit Sieg über Marokko Platz drei:  https://t.co/Czgplve1zw,https://t.co/Czgplve1zw,0.0,0.0,https://www.derstandard.at/story/2000141889898/kroatien-holt-mit-sieg-ueber-marokko-platz-drei
2022-12-17 09:02:49+00:00,Marokko vs. Kroatien: Wer wird das Spiel um Platz drei gewinnen?:  https://t.co/B91an6rxaq,https://t.co/B91an6rxaq,0.0,0.0,https://www.derstandard.at/story/2000141821635/japan-vs-kroatien-und-brasilien-vs-suedkorea-wer-wird-ins
2022-12-16 17:19:16+00:00,"WM-Ticker, Spiel um Platz drei: Kroatien vs. Marokko, Sa., 16 Uhr:  https://t.co/d6IBO9wDN5",https://t.co/d6IBO9wDN5,0.0,0.0,https://www.derstandard.at/jetzt/livebericht/2000141878192/wm-ticker-spiel-um-platz-drei-kroatien-vs-marokko-sa
2022-12-16 12:47:49+00:00,Kroatien vs. Marokko: Das kleine Duell der Überrascher:  https://t.co/1xU51AVu6c,https://t.co/1xU51AVu6c,0.0,0.0,https://www.derstandard.at/story/2000141840925/kroatien-vs-marokko-das-kleine-duell-der-ueberrascher
2022-12-14 12:37:15+00:00,"Kroatische Fans nach WM-Aus: ""So ist der Fußball"":  https://t.co/H6xtxcBM5a",https://t.co/H6xtxcBM5a,0.0,0.0,https://www.derstandard.at/story/2000141783536/kroatische-fans-nach-wm-aus-so-ist-der-fussball
2022-12-14 05:13:23+00:00,"Die Wiener ""Balkanmeile"" trägt nach Kroatiens Niederlage nur kurz Trauer:  https://t.co/SFzjBinjHi",https://t.co/SFzjBinjHi,-0.5994,0.0,https://www.derstandard.at/story/2000141779406/die-wiener-balkanmeile-traegt-nach-kroatiens-niederlage-nur-kurz-trauer
2022-12-13 21:17:37+00:00,Messi führt Argentinien mit 3:0 über Kroatien ins Finale:  https://t.co/tYfmrO1bpt,https://t.co/tYfmrO1bpt,0.0,0.0,https://www.derstandard.at/story/2000141777789/argentinien-zieht-souveraen-ins-wm-finale-ein
2022-12-13 11:04:33+00:00,Kroatien gegen Argentinien: Eisenfuß Lovren und der Krieg:  https://t.co/T1tM2tK0JH,https://t.co/T1tM2tK0JH,0.0,0.0,https://www.derstandard.at/story/2000141729428/kroatien-gegen-argentinien-eisenfuss-lovren-und-der-krieg
2022-12-13 08:50:17+00:00,FC Bayern angelt nach Kroatiens WM-Held Livakovic:  https://t.co/1CD82tFbPo,https://t.co/1CD82tFbPo,0.0,0.0,https://www.derstandard.at/story/2000141745612/fc-bayern-angelt-nach-kroatiens-wm-held-livakovic
2022-12-13 08:05:37+00:00,Argentinien vs. Kroatien: Wer wird gewinnen?:  https://t.co/iOTUHGZLl8,https://t.co/iOTUHGZLl8,0.0,0.0,https://www.derstandard.at/story/2000141717543/japan-vs-kroatien-und-brasilien-vs-suedkorea-wer-wird-ins
2022-12-12 16:54:20+00:00,"WM-Halbfinale live: Argentinien vs. Kroatien, Di., 20 Uhr:  https://t.co/dAsMHdCvPu",https://t.co/dAsMHdCvPu,0.0,0.13636363636363635,https://www.derstandard.at/jetzt/livebericht/2000141728798/wm-halbfinale-live-argentinien-vs-kroatien-di-20-uhr
2022-12-09 18:10:51+00:00,Aus der Zauber: Brasiliens Traum platzt im Elferschießen gegen Kroatien:  https://t.co/gROxw2minf,https://t.co/gROxw2minf,0.0,0.0,https://www.derstandard.at/story/2000141672194/aus-der-zauber-brasiliens-traum-platzt-gegen-kroatien
2022-12-09 08:04:25+00:00,Kroatien gegen Brasilien: An den Zehnern sollst du sie erkennen:  https://t.co/N6a64CuGhr,https://t.co/N6a64CuGhr,0.0,0.0,https://www.derstandard.at/story/2000141636949/kroatien-gegen-brasilien-an-den-zehnern-sollst-du-sie-erkennen
2022-12-09 08:04:23+00:00,Kroatien vs. Brasilien und Niederlande vs. Argentinien: Wer wird gewinnen?:  https://t.co/3NqTfgbHA1,https://t.co/3NqTfgbHA1,0.0,0.0,https://www.derstandard.at/story/2000141550145/japan-vs-kroatien-und-brasilien-vs-suedkorea-wer-wird-ins
2022-12-08 23:37:35+00:00,"WM-Viertelfinale live: Kroatien vs. Brasilien, Niederlande vs. Argentinien, Fr. ab 16 Uhr:  https://t.co/cSkAiWcjwx",https://t.co/cSkAiWcjwx,0.0,0.13636363636363635,https://www.derstandard.at/jetzt/livebericht/2000141632752/wm-viertelfinale-live-kroatien-vs-brasilien-niederlande-vs-argentinien-ab
2022-12-08 13:53:35+00:00,Kroatien tritt 2023 dem Schengen-Raum ohne Grenzkontrollen bei:  https://t.co/48N5BTV4kf,https://t.co/48N5BTV4kf,0.0,0.0,https://www.derstandard.at/story/2000141630718/kroatien-tritt-2023-dem-schengen-raum-ohne-grenzkontrollen-bei
2022-12-05 18:11:01+00:00,WM-Achtelfinale: Kroatien ringt Japan im Elfmeterschießen nieder:  https://t.co/AARrfZW3Uv,https://t.co/AARrfZW3Uv,0.0,0.0,https://www.derstandard.at/story/2000141535084/wm-achtelfinale-kroatien-ringt-japan-im-elfmeterschiessen-nieder
2022-12-05 07:55:22+00:00,Japan vs. Kroatien: Vom Hinfallen und Aufstehen:  https://t.co/P0IH7znlge,https://t.co/P0IH7znlge,0.0,0.0,https://www.derstandard.at/story/2000141492369/japan-vs-kroatien-vom-hinfallen-und-aufstehen
2022-12-05 07:24:36+00:00,Japan vs. Kroatien und Brasilien vs. Südkorea: Wer wird ins Viertelfinale aufsteigen?:  https://t.co/Fk7St3Sxxc,https://t.co/Fk7St3Sxxc,0.0,0.0,https://www.derstandard.at/story/2000141436858/japan-vs-kroatien-und-brasilien-vs-suedkorea-wer-wird-ins
2022-12-04 15:25:25+00:00,"WM-Ticker, Achtelfinale: Japan vs. Kroatien ab 16 Uhr, Brasilien vs. Südkorea ab 20 Uhr:  https://t.co/hEqopkKyfF",https://t.co/hEqopkKyfF,0.0,0.0,https://www.derstandard.at/jetzt/livebericht/2000141489305/wm-ticker-achtelfinale-frankreich-polen-um-16-uhr-england-senegal
2022-12-01 17:07:27+00:00,"Marokko gewinnt Gruppe F, Belgien nach 0:0 gegen Kroatien ausgeschieden:  https://t.co/0XvLi68Hk8",https://t.co/0XvLi68Hk8,0.0,0.0,https://www.derstandard.at/story/2000141421598/marokko-gewinnt-gruppe-f-belgien-nach-00-gegen-kroatien-ausgeschieden
2022-11-30 14:04:02+00:00,Rote Teufel im Krisenmodus: Wickel in Belgiens Team vor Entscheidungsspiel gegen Kroatien:  https://t.co/wrYQSqr4TD,https://t.co/wrYQSqr4TD,0.0,0.0,https://www.derstandard.at/story/2000141367176/rote-teufel-im-krisenmodus-wickel-in-belgiens-team-vor-entscheidungsspiel
2022-11-29 11:07:02+00:00,Nach Beleidigungen: Fifa ermittelt gegen Kroatien:  https://t.co/e4THIfOQct,https://t.co/e4THIfOQct,0.0,0.0,https://www.derstandard.at/story/2000141320398/nach-beleidigungen-fifa-ermittelt-gegen-kroatien
2022-11-27 18:25:19+00:00,Souveräne Kroaten weisen Kanada mit 4:1 in die Schranken:  https://t.co/tKlLwUlcvK,https://t.co/tKlLwUlcvK,-0.5994,0.0,https://www.derstandard.at/story/2000141265180/souveraene-kroaten-weisen-kanada-mit-41-in-die-schranken
2022-11-27 11:36:47+00:00,Schweres Los: Österreich im Davis-Cup gegen Kroatien:  https://t.co/I6TY0lLeJL,https://t.co/I6TY0lLeJL,0.0,0.0,https://www.derstandard.de/story/2000141253717/schweres-los-oesterreich-im-davis-cup-gegen-kroatien
2022-11-26 13:34:00+00:00,"WM-Ticker: Japan – Costa Rica 11 Uhr, Belgien – Marokko 14 Uhr, Kroatien – Kanada 17 Uhr, Spanien – Deutschland 20 Uhr:  https://t.co/0OaPnOktM1",https://t.co/0OaPnOktM1,0.0,0.0,https://www.derstandard.at/jetzt/livebericht/2000141242299/wm-ticker-japan-costa-rica-11-uhr-belgien-marokko-14
2022-11-24 13:29:47+00:00,Künftig soll mehr Flüssiggas über Kroatien nach Österreich fließen:  https://t.co/U83A0dd3pO,https://t.co/U83A0dd3pO,0.0,0.0,https://www.derstandard.at/story/2000141159262/kuenftig-soll-mehr-fluessiggas-ueber-kroatien-nach-oesterreich-fliessen
2022-11-23 16:51:15+00:00,Nehammer will den Weg Kroatiens in den Schengen-Raum unterstützen:  https://t.co/sprOhU8aCX,https://t.co/sprOhU8aCX,0.0,0.0,https://www.derstandard.at/story/2000141142122/nehammer-will-den-weg-kroatiens-in-den-schengen-raum-unterstuetzen
2022-11-23 12:02:50+00:00,Kroatien kommt gegen Marokko nicht über ein 0:0 hinaus:  https://t.co/pCyXypcFCH,https://t.co/pCyXypcFCH,0.0,0.0,https://www.derstandard.at/story/2000141127360/kroatien-kommt-gegen-marokko-nicht-ueber-ein-00-hinaus
2022-11-23 05:10:18+00:00,Kroatien hat keine Angst vor einem österreichischen Schengen-Veto:  https://t.co/th38XO0WSy,https://t.co/th38XO0WSy,0.0,0.0,https://www.derstandard.at/story/2000141093181/kroatien-hat-keine-angst-vor-einem-oesterreichischen-schengen-veto
2022-11-22 19:32:05+00:00,Kroatien muss sich gegen Marokko beweisen:  https://t.co/hT8PhIpxur,https://t.co/hT8PhIpxur,0.0,0.0,https://www.derstandard.at/story/2000141093221/kroatien-muss-sich-gegenmarokko-beweisen
2022-11-22 19:04:58+00:00,Nehammer relativiert Karners Veto-Drohung gegen Schengen-Beitritt Kroatiens:  https://t.co/6XRP8RvuKT,https://t.co/6XRP8RvuKT,0.0,0.0,https://www.derstandard.at/story/2000141110308/nehammer-relativiert-karners-veto-drohung-gegen-schengen-beitritt-kroatiens
2022-11-22 16:20:41+00:00,"WM-Ticker: Marokko-Kroatien 11 Uhr, Deutschland-Japan 14 Uhr, Spanien-Costa Rica 17 Uhr, Belgien-Kanada 20 Uhr:  https://t.co/vhUCAvfVZC",https://t.co/vhUCAvfVZC,0.0,0.0,https://www.derstandard.at/jetzt/livebericht/2000141103651/wm-ticker-marokko-kroatien-11-uhr-deutschland-japan-14-uhr
2022-11-21 20:34:08+00:00,Österreich holt bei Gregoritsch-100er als U21-Teamchef 1:1 in Kroatien:  https://t.co/bCszdYqBCr,https://t.co/bCszdYqBCr,0.0,0.0,https://www.derstandard.at/story/2000141072470/gregoritsch-u21-team-erkaempfte-bei100er-in-kroatien-11
2022-11-21 17:19:17+00:00,Karners Irrtum bei Kroatien:  https://t.co/uNUhh3osEu,https://t.co/uNUhh3osEu,0.0,0.0,https://www.derstandard.at/story/2000141064771/karners-irrtum-bei-kroatien
2022-11-19 12:04:41+00:00,Nehammer kommentiert Karners Schengen-Aussage vor Kroatienreise nicht:  https://t.co/NPRAFDCSPk,https://t.co/NPRAFDCSPk,0.0,0.0,https://www.derstandard.at/story/2000141006559/nehammer-kommentiert-karners-schengen-aussage-vor-kroatienreise-nicht
2022-11-16 22:02:25+00:00,"Testspiele: Argentinien souverän, Deutsche, Polen, Kroaten mit Mühe:  https://t.co/u2i6QqyCax",https://t.co/u2i6QqyCax,0.0,0.0,https://www.derstandard.at/story/2000140919963/testspiele-argentinien-souveraen-deutsche-polen-kroaten-mit-muehe
2022-11-16 12:21:10+00:00,"EU-Kommission für Schengen-Beitritt von Bulgarien, Kroatien und Rumänien:  https://t.co/GBqJFdkYbO",https://t.co/GBqJFdkYbO,0.0,0.0,https://www.derstandard.at/story/2000140896117/eu-kommission-fuer-schengen-beitritt-von-bulgarien-kroatien-und-rumaenien
2022-11-11 13:23:43+00:00,Bayern-Supertalent Wanner bei ÖFB-Perspektivlehrgang in Kroatien:  https://t.co/hRA3UWk8Em,https://t.co/hRA3UWk8Em,0.0,0.0,https://www.derstandard.at/story/2000140760858/bayern-talent-wanner-bei-oefb-perspektivlehrgang-in-kroatien
2022-11-10 22:46:52+00:00,Österreichs Basketballer verlieren in EM-Vorquali auch gegen Kroatien:  https://t.co/0WSvAilsNF,https://t.co/0WSvAilsNF,0.0,0.0,https://www.derstandard.at/story/2000140737931/oebv-herren-verlieren-in-em-vorquali-auch-gegen-kroatien
2022-11-10 13:11:54+00:00,Kroatien nimmt wichtige Hürde auf dem Weg zum Schengen-Beitritt:  https://t.co/R6aeK3qoTS,https://t.co/R6aeK3qoTS,0.0,0.0,https://www.derstandard.at/story/2000140718878/kroatien-nimmt-wichtige-huerde-auf-dem-weg-zum-schengen-beitritt
2022-11-09 14:31:43+00:00,Salzburg-Youngster Sucic im kroatischen WM-Kader:  https://t.co/HtQuRJKlLJ,https://t.co/HtQuRJKlLJ,0.0,0.0,https://www.derstandard.at/story/2000140687218/salzburg-youngster-sucic-im-kroatischen-wm-kader
2022-10-19 12:52:32+00:00,Robert Ljubicic will laut Bericht für Kroatiens Nationalteam spielen:  https://t.co/MgjElmw774,https://t.co/MgjElmw774,0.0,0.0,https://www.derstandard.at/story/2000140119552/robert-ljubicic-will-laut-bericht-fuer-kroatien-spielen
2022-09-29 09:02:39+00:00,Starkregen überflutete kroatische Hafenstadt Rijeka: Ein Todesopfer:  https://t.co/JBjkRuSyHn,https://t.co/JBjkRuSyHn,0.0,0.0,https://www.derstandard.de/story/2000139529406/starkregen-ueberflutete-kroatische-hafenstadt-rijeka-ein-todesopfer
2022-09-25 21:27:00+00:00,Kroatien und Niederlande für Finalturnier der Nations League qualifiziert:  https://t.co/ua6oqwzFZ7,https://t.co/ua6oqwzFZ7,0.0,0.0,https://www.derstandard.at/story/2000139400260/kroatien-und-niederlande-fuer-finalturnier-in-der-nations-leaguequalifiziert
2022-09-25 21:12:51+00:00,Abstieg mit Anstand: Österreich verliert gegen Kroatien 1:3:  https://t.co/5kvbkYXHMP,https://t.co/5kvbkYXHMP,0.0,0.0,https://www.derstandard.at/story/2000139408409/abstieg-mit-anstand-oesterreich-verliert-gegen-kroatien-13
2022-09-25 17:41:24+00:00,"Nations League live: Österreich vs. Kroatien, 20.45 Uhr:  https://t.co/3DdwOuu12m",https://t.co/3DdwOuu12m,0.0,0.13636363636363635,https://www.derstandard.at/jetzt/livebericht/2000139387097/nations-league-live-oesterreich-vs-kroatien-so-20-45-uhr
2022-09-25 07:40:31+00:00,Österreich greift gegen Kroatien nach inoffiziellem WM-Titel:  https://t.co/lW8LDKHWVI,https://t.co/lW8LDKHWVI,0.0,0.0,https://www.derstandard.at/story/2000139392522/oesterreich-greift-gegen-kroaten-nach-inoffiziellem-wm-titel
2022-09-24 14:12:18+00:00,"Österreich will gegen Kroatien ""nicht wie Kätzchen, sondern wie Leoparden"" spielen:  https://t.co/AHHZZ56pl7",https://t.co/AHHZZ56pl7,0.0,0.0,https://www.derstandard.at/story/2000139386999/oesterreich-will-gegen-kroatien-nicht-wie-kaetzchen-sondern-wie-leoparden
2022-09-24 10:10:44+00:00,Salzburger Sucic sieht Kroatien als leichten Favoriten:  https://t.co/7LUgs4vk3L,https://t.co/7LUgs4vk3L,0.0,0.0,https://www.derstandard.at/story/2000139383301/sucic-sieht-kroatien-als-leichten-favoriten
2022-09-23 15:32:52+00:00,Nationalteam: Kratzer vor Kroatien:  https://t.co/WaqTAjjE99,https://t.co/WaqTAjjE99,0.0,0.0,https://www.derstandard.at/story/2000139370175/nationalteam-kratzer-vor-kroatien
2022-09-22 21:00:42+00:00,Kroatien löst Dänemark mit 2:1-Sieg an Tabellenspitze ab:  https://t.co/uUgVT1VYxd,https://t.co/uUgVT1VYxd,0.0,0.0,https://www.derstandard.at/story/2000139340146/kroatien-loest-daenemark-mit-21-sieg-an-tabellenspitze-ab
2022-09-21 16:39:32+00:00,Kroatiens Präsident kritisiert EU-Mittelkürzung für Ungarn:  https://t.co/HRPKgMz7Eh,https://t.co/HRPKgMz7Eh,0.0,0.0,https://www.derstandard.de/story/2000139298998/kroatiens-praesident-kritisiert-eu-mittelkuerzung-fuer-ungarn
2022-09-02 04:13:09+00:00,Orbán kehrt weißbärtig aus ungewöhnlich langem Kroatien-Urlaub zurück:  https://t.co/ASrUUk9Zr2,https://t.co/ASrUUk9Zr2,0.0,0.0,https://www.derstandard.at/story/2000138737160/orban-kehrt-weissbaertig-aus-ungewoehnlich-langem-kroatien-urlaub-zurueck
2022-08-27 07:48:49+00:00,Hockey: Nationalteam löst mit 7:0 gegen Kroatien EM-Ticket:  https://t.co/52D5Z8r59t,https://t.co/52D5Z8r59t,0.0,0.0,https://www.derstandard.at/story/2000138592519/hockey-maenner-nationalteam-loeste-mit-70-gegen-kroatien-em-ticket
2022-08-22 08:16:46+00:00,Perfekte Woche für Kroaten Coric in Cincinnati:  https://t.co/3rR2zABGTe,https://t.co/3rR2zABGTe,0.0,0.0,https://www.derstandard.de/story/2000138434845/perfekte-woche-fuer-kroaten-coric-in-cincinnati
2022-08-09 09:37:09+00:00,Waldbrand auf Partystrand Zrce in Kroatien ausgebrochen:  https://t.co/QV3ExsGmzq,https://t.co/QV3ExsGmzq,0.0,0.0,https://www.derstandard.at/story/2000138144248/waldbrand-auf-partystrand-zrce-in-kroatien-ausgebrochen
2022-08-08 11:48:28+00:00,Tanken in Kroatien wird erneut billiger:  https://t.co/52WOCFYtQy,https://t.co/52WOCFYtQy,0.0,0.0,https://www.derstandard.de/story/2000138119957/tanken-in-kroatien-wird-erneut-billiger
2022-08-06 12:14:38+00:00,Zwölf Tote bei Busunglück in Kroatien:  https://t.co/hubEnjGy3f,https://t.co/hubEnjGy3f,0.0,0.0,https://www.derstandard.de/story/2000138092268/zwoelf-tote-bei-busunglueck-in-kroatien
2022-07-28 12:06:07+00:00,Auf diesen kroatischen Inseln sind Autos unerwünscht:  https://t.co/ZzLQiezKls,https://t.co/ZzLQiezKls,0.0,0.0,https://www.derstandard.de/story/2000137811769/auf-diesen-kroatischen-inseln-sind-autos-unerwuenscht
2022-07-28 04:12:07+00:00,Flüssiggas von der kroatischen Insel Krk: ein Ausweg aus der Energiekrise?:  https://t.co/XZ7ufiHBmn,https://t.co/XZ7ufiHBmn,0.0,0.0,https://www.derstandard.at/story/2000137815378/fluessiggas-von-der-kroatischen-insel-krk-ein-ausweg-aus-der
2022-07-27 05:47:06+00:00,Kroatien eröffnet Brücke über die Adria:  https://t.co/Y0RTOdYS98,https://t.co/Y0RTOdYS98,-0.5994,0.0,https://www.derstandard.at/story/2000137794710/kroatien-eroeffnet-bruecke-ueber-die-adria
2022-07-19 12:36:35+00:00,Altach holte kroatischen Flügelstürmer Jurcec:  https://t.co/il2bRliCcg,https://t.co/il2bRliCcg,0.0,0.0,https://www.derstandard.at/story/2000137575583/altach-holte-kroatischen-fluegelstuermer-jurcec
2022-07-18 15:36:51+00:00,Tanken in Slowenien und Kroatien wird subventioniert:  https://t.co/4ao4641X7w,https://t.co/4ao4641X7w,0.0,0.0,https://www.derstandard.at/story/2000137555587/tanken-in-slowenien-und-kroatien-wird-subventioniert
2022-07-12 14:35:56+00:00,Ab dem 1. Jänner 2023 soll der Euro in Kroatien eingeführt werden. https://t.co/LhwX3wEBOn,https://t.co/LhwX3wEBOn,0.0,0.0,https://www.derstandard.at/story/2000137374588/kroatien-fuehrt-2023-euro-ein-konkreter-wechselkurs-fixiert
2022-07-06 12:15:22+00:00,Kroatischer Finanzminister Zdravko Maric zurückgetreten:  https://t.co/C2CLieXyfq,https://t.co/C2CLieXyfq,0.0,0.0,https://www.derstandard.at/story/2000137210133/kroatischer-finanzminister-zdravko-maric-zurueckgetreten
2022-07-01 12:36:55+00:00,Zum Beginn der Stau-Saison: Darauf sollten Sie in Italien und Kroatien achten:  https://t.co/xoFQ7hllam,https://t.co/xoFQ7hllam,0.0,0.0,https://www.derstandard.at/story/2000137073019/zum-beginn-der-stau-saison-darauf-sollten-sie-in-italien
2022-06-24 15:58:13+00:00,EU-Gipfel gibt grünes Licht für Einführung des Euro in Kroatien:  https://t.co/BKooCkM6jj,https://t.co/BKooCkM6jj,0.0,0.0,https://www.derstandard.at/story/2000136872236/eu-gipfel-gibt-gruenes-licht-fuer-einfuehrung-des-euro-in
2022-06-20 09:45:04+00:00,Kroatien deckelt Spritpreise an allen Tankstellen abseits der Autobahnen:  https://t.co/CY7uD827UQ,https://t.co/CY7uD827UQ,0.0,0.0,https://www.derstandard.at/story/2000136700003/kroatien-deckelt-spritpreise-an-allen-tankstellen-abseits-der-autobahnen
2022-06-13 20:57:52+00:00,0:1 gegen Kroatien – Frankreich bleibt in Nations League sieglos:  https://t.co/JP8NXNqn1W,https://t.co/JP8NXNqn1W,0.0,0.0,https://www.derstandard.at/story/2000136544990/01-gegen-kroatien-frankreich-bleibt-in-nations-league-sieglos
2022-06-10 21:10:33+00:00,Parallelspiel: Dänemark unterlag Kroatien 0:1:  https://t.co/sojgX1kg4Q,https://t.co/sojgX1kg4Q,0.0,0.0,https://www.derstandard.at/story/2000136479604/parallelspieldaenemark-unterlag-kroatien-01
2022-06-10 12:56:02+00:00,Kroatiens Adriaküste hat ihre erste offen schwule Bar:  https://t.co/TidY7ThKTd,https://t.co/TidY7ThKTd,0.0,0.0,https://www.derstandard.de/story/2000136463497/kroatiens-adriakueste-hat-ihre-erste-offen-schwule-bar
2022-06-07 10:14:36+00:00,Euroeinführung in Kroatien: Das Ende des kroatischen Pelzgelds:  https://t.co/KMDrDsJpy8,https://t.co/KMDrDsJpy8,0.0,0.0,https://www.derstandard.at/story/2000136336512/euroeinfuehrung-in-kroatiendas-ende-des-kroatischen-pelzgelds
2022-06-06 15:03:58+00:00,Kroatiens Regierung intervenierte bei Treibstoffpreisen:  https://t.co/PrfKCJgBac,https://t.co/PrfKCJgBac,0.0,0.0,https://www.derstandard.at/story/2000136337364/kroatiens-regierung-intervenierte-bei-treibstoffpreisen
2022-06-04 10:56:13+00:00,"Pressestimmen zum Rangnick-Debüt: ""Kroatien sah wie ein zweitklassiges Nationalteam aus"":  https://t.co/coKE6uKJTI",https://t.co/coKE6uKJTI,0.0,0.0,https://www.derstandard.at/story/2000136312548/presse-zum-rangnick-debuet-kroatien-sah-aus-wie-ein-zweitklassiges
2022-06-04 07:39:59+00:00,"Nach 3:0 in Kroatien: ""Gut, dass wir so einen super Trainer haben"":  https://t.co/1zXeldtTHz",https://t.co/1zXeldtTHz,0.6344,0.3333333333333333,https://www.derstandard.at/story/2000136308869/nach-30-in-kroatien-gut-dass-wir-so-einen-super
2022-06-03 21:03:25+00:00,Traumdebüt für Rangnick: Österreich schlägt Vizeweltmeister Kroatien 3:0:  https://t.co/eOvwn81Ygr,https://t.co/eOvwn81Ygr,0.0,0.0,https://www.derstandard.at/story/2000136306612/traumdebuet-fuer-rangnick-oesterreich-schlaegt-vizeweltmeister-kroatien-30
2022-06-03 10:37:17+00:00,"Nations League live: Kroatien vs. Österreich, 20.45 Uhr:  https://t.co/7jaakrKLNw",https://t.co/7jaakrKLNw,0.0,0.13636363636363635,https://www.derstandard.at/jetzt/livebericht/2000136254805/nations-league-live-kroatien-vs-oesterreich-fr-20-45-uhr
2022-06-01 15:31:55+00:00,EU-Kommission gibt grünes Licht für Einführung des Euro in Kroatien:  https://t.co/HZA8U1hNjT,https://t.co/HZA8U1hNjT,0.0,0.0,https://www.derstandard.at/story/2000136229056/eu-kommission-gibt-gruenes-licht-fuer-einfuehrung-des-euro-in
2022-05-31 15:11:11+00:00,ÖFB-Team gegen Kroatien ohne Lienhart:  https://t.co/RydheZp4xc,https://t.co/RydheZp4xc,0.0,0.0,https://www.derstandard.at/story/2000136196438/oefb-team-gegen-kroatien-ohne-lienhart
2022-05-26 14:05:03+00:00,Urteil zum Adoptionsrecht für Homosexuelle in Kroatien rechtskräftig:  https://t.co/R1TEd1Oc3e,https://t.co/R1TEd1Oc3e,0.0,0.0,https://www.derstandard.at/story/2000136072190/urteil-zum-adoptionsrecht-fuer-homosexuelle-in-kroatien-rechtskraeftig
2022-05-24 06:02:51+00:00,Schatten über Kroatien:  https://t.co/jytnlixkET,https://t.co/jytnlixkET,0.0,0.0,https://www.derstandard.at/story/2000135976840/schatten-ueber-kroatien
2022-05-16 08:51:00+00:00,Kroatischer Staatschef will Nato-Beitritt von Schweden blockieren:  https://t.co/sUzBM7XXrl,https://t.co/sUzBM7XXrl,0.0,0.0,https://www.derstandard.at/story/2000135494507/kroatischer-staatschef-will-nato-beitritt-von-schweden-blockieren
2022-05-05 14:08:16+00:00,Kroatische Nationalisten drohen mit eigenem Landesteil in Bosnien:  https://t.co/46I47bbojR,https://t.co/46I47bbojR,0.0,0.0,https://www.derstandard.de/story/2000135467001/kroatische-nationalisten-drohen-mit-eigenem-landesteil-in-bosnien
2022-03-25 22:35:46+00:00,EM-Chancen von ÖFB-U21 mit 0:0 in Kroatien weiter gesunken:  https://t.co/BThkDXOyuE,https://t.co/BThkDXOyuE,0.0,0.0,https://www.derstandard.at/story/2000134434751/em-chancen-von-oefb-u21-mit-00-in-kroatien-weiter
2022-03-23 10:14:07+00:00,"Hackerangriff auf kroatische Zeitung ""Slobodna Dalmacija"":  https://t.co/4UUJ1qPre3",https://t.co/4UUJ1qPre3,0.0,0.0,https://www.derstandard.at/story/2000134342856/hackerangriff-auf-kroatische-zeitung-slobodna-dalmacija
2022-03-23 09:57:39+00:00,"Hackerangriff auf kroatische Zeitung ""Slobodna Dalmacija"":  https://t.co/lHttLPEWmL",https://t.co/lHttLPEWmL,0.0,0.0,https://www.derstandard.at/story/2000134342389/hackerangriff-auf-kroatische-zeitung-slobodna-dalmacija
2022-03-13 16:16:18+00:00,Mysteriöser Drohnenabsturz beschäftigt kroatische Behörden:  https://t.co/QBsV2t4kn9,https://t.co/QBsV2t4kn9,0.0,0.0,https://www.derstandard.at/story/2000134063014/mysterioeser-drohnenabsturz-beschaeftigt-kroatische-behoerden
2022-02-23 08:09:36+00:00,Ungarn und Kroatien verhindern Sanktionen gegen Dodik:  https://t.co/5CvZ5Snyv1,https://t.co/5CvZ5Snyv1,0.0,0.0,https://www.derstandard.de/story/2000133566994/ungarn-und-kroatien-verhindern-sanktionen-gegen-dodik
2022-02-14 09:53:19+00:00,RTL Gruppe will sich von Kroatien-Geschäft trennen:  https://t.co/1ENgIdin8k,https://t.co/1ENgIdin8k,0.0,0.0,https://www.derstandard.at/story/2000133345141/rtl-gruppe-will-sich-von-kroatien-geschaeft-trennen
2022-02-08 07:11:28+00:00,Neue kroatische Euro-Münzen sorgen für Design-Skandal:  https://t.co/oL7foedHGB,https://t.co/oL7foedHGB,0.0,0.0,https://www.derstandard.de/story/2000133187950/neue-kroatische-euro-muenzen-sorgen-fuer-design-skandal
2022-01-28 10:26:39+00:00,Wiener Kroatenball im virtuellen Ausweichquartier:  https://t.co/1RWqLtBJpX,https://t.co/1RWqLtBJpX,0.0,0.0,https://www.derstandard.at/story/2000132912632/wiener-kroatenball-im-virtuellen-ausweichquartier
2021-12-16 17:49:41+00:00,"ÖFB-Team in Nations League gegen Frankreich, Dänemark und Kroatien:  https://t.co/6sq7ZOzUA0",https://t.co/6sq7ZOzUA0,0.0,0.0,https://www.derstandard.at/story/2000131973347/oefb-team-in-nations-league-gegen-frankreich-daenemark-und-kroatien
2021-12-11 14:18:57+00:00,Flüchtlingskind in slowenisch-kroatischem Grenzfluss ertrunken:  https://t.co/YdZa6ONa8y,https://t.co/YdZa6ONa8y,0.0,0.0,https://www.derstandard.at/story/2000131842135/fluechtlingskind-in-slowenisch-kroatischem-grenzfluss-ertrunken
2021-12-03 21:59:00+00:00,Djokovic verlor Doppel: Kroatien im Davis-Cup-Finale:  https://t.co/RQJ0ZsZitL,https://t.co/RQJ0ZsZitL,0.0,0.0,https://www.derstandard.at/story/2000131665093/djokovic-verlor-doppel-kroatien-im-davis-cup-finale
2021-11-18 22:23:11+00:00,EGMR verurteilt Kroatien nach Tod eines Flüchtlingsmädchens:  https://t.co/ZNSr5vPDiU,https://t.co/ZNSr5vPDiU,0.0,0.0,https://www.derstandard.at/story/2000131269237/egmr-verurteilt-kroatien-nach-tod-eines-fluechtlingsmaedchens
2021-11-16 21:56:34+00:00,EM-Ticket für ÖFB-U21 nach 1:3 gegen Kroatien ganz weit weg:  https://t.co/GdapxUzi2r,https://t.co/GdapxUzi2r,0.0,0.0,https://www.derstandard.at/story/2000131206456/em-ticket-fuer-oefb-u21-nach-13-gegen-kroatien-ganz
2021-11-14 16:43:37+00:00,Kroaten schnappen Russen mit spätem Tor WM-Ticket noch weg:  https://t.co/sITjquxx61,https://t.co/sITjquxx61,0.0,0.0,https://www.derstandard.at/story/2000131142212/kroaten-schnappen-russen-mit-spaetem-tor-wm-ticket-noch-weg
2021-10-13 17:28:43+00:00,Kroatiens Ex-Premier rechtskräftig wegen Korruption verurteilt:  https://t.co/UjMRZt0jHr,https://t.co/UjMRZt0jHr,0.0,0.0,https://www.derstandard.at/story/2000130426563/kroatiens-ex-premier-rechtskraeftig-wegen-korruption-verurteilt
2021-10-08 11:39:55+00:00,Kroatien und Griechenland reagieren auf Gewalt- und Pushback-Vorwürfe:  https://t.co/QrBXEQ7qoi,https://t.co/QrBXEQ7qoi,0.0,0.0,https://www.derstandard.at/story/2000130264590/kroatien-und-griechenland-reagieren-auf-gewalt-und-pushback-vorwuerfe
2021-10-07 05:26:26+00:00,Spezialeinheiten führen in Griechenland und Kroatien Pushbacks durch:  https://t.co/A2eV4WcIHI,https://t.co/A2eV4WcIHI,0.0,0.0,https://www.derstandard.at/story/2000130240395/laut-spiegel-fuehren-in-griechenland-und-kroatien-spezialeinheiten-pushbacks-durch
2021-09-25 08:59:38+00:00,Wiener soll seine drei Kinder in Kroatien getötet haben:  https://t.co/Baxe1QuLWG,https://t.co/Baxe1QuLWG,0.4939,0.0,https://www.derstandard.at/story/2000129931583/wiener-soll-seine-drei-kinder-in-kroatien-getoetet-haben
2021-09-13 15:09:00+00:00,Wiener Schulbrüder überfallen – Zwölf Jahre Haft für Kroaten:  https://t.co/AacMSpGzBE,https://t.co/AacMSpGzBE,0.0,0.0,https://www.derstandard.at/story/2000129621825/wiener-schulbrueder-ueberfallen-zwoelf-jahre-haft-fuer-kroaten
2021-08-30 14:51:17+00:00,Österreicher nach Streit auf kroatischer Insel Krk getötet:  https://t.co/PtA82iLqaz,https://t.co/PtA82iLqaz,0.0,0.0,https://www.derstandard.at/story/2000129284833/oesterreicher-nach-streit-ueber-abgerissenen-autospiegel-auf-kroatischer-insel-krk
2021-08-17 09:53:45+00:00,"Italien und Kroatien: Was aktuell bei drei G, Registrierung &amp; Co gilt:  https://t.co/IbMJNGv7de",https://t.co/IbMJNGv7de,0.0,0.0,https://www.derstandard.de/story/2000128971746/italien-und-kroatien-was-aktuell-bei-3g-registrierung-co-gilt
2021-08-02 11:02:34+00:00,Nach Wochenende weiter neue Fälle nach Kroatien-Festival:  https://t.co/eJ4v9cFK2f,https://t.co/eJ4v9cFK2f,0.0,0.0,https://www.derstandard.at/story/2000128627894/nach-wochenende-weiter-neue-faelle-nach-kroatien-festival
2021-07-29 04:07:11+00:00,Ages ruft Festivalrückkehrer aus Kroatien zur Corona-Testung auf:  https://t.co/qEypjS48eS,https://t.co/qEypjS48eS,0.0,0.0,https://www.derstandard.at/jetzt/livebericht/2000128538314/ages-ruft-festivalrueckkehrer-aus-kroatien-zur-corona-testung-auf
2021-07-26 07:07:29+00:00,"Italien, Kroatien, Griechenland: Wie ist die Reisesituation vor Ort?:  https://t.co/OivoNpNsN8",https://t.co/OivoNpNsN8,-0.5994,0.0,https://www.derstandard.at/jetzt/livebericht/2000128376830/italien-kroatien-griechenland-wie-ist-die-reisesituation-vor-ort
2021-07-25 11:31:41+00:00,Mindestens zehn Tote bei Busunfall in Kroatien:  https://t.co/VfWWLGsJEG,https://t.co/VfWWLGsJEG,0.0,0.0,https://www.derstandard.at/story/2000128440633/mindestens-zehn-tote-bei-busunfall-in-kroatien
2021-07-23 18:52:24+00:00,Junger Steirer auf kroatischer Insel Pag ertrunken:  https://t.co/c37W0j2hFm,https://t.co/c37W0j2hFm,0.0,0.0,https://www.derstandard.at/story/2000128426340/junger-steirer-auf-kroatischer-insel-pag-ertrunken
2021-07-23 11:57:19+00:00,Kroatien verschärft Kontrollen an der Adriaküste:  https://t.co/jgZuNDLAOu,https://t.co/jgZuNDLAOu,0.0,0.0,
2021-07-20 12:42:26+00:00,Kroatien: Gesamte Adriaküste auf Orange umgestuft:  https://t.co/ECHtUnPRa7,https://t.co/ECHtUnPRa7,0.0,0.0,https://www.derstandard.de/story/2000128322050/kroatien-gesamte-adriakueste-auf-orange-umgestuft
2021-07-17 17:50:59+00:00,RB Salzburg engagiert 17-jährigen Kroaten Simic:  https://t.co/qtEpB6m7CG,https://t.co/qtEpB6m7CG,0.0,0.0,https://www.derstandard.at/story/2000128260613/rb-salzburg-engagiert-17-jaehrigen-kroaten-simic
2021-07-14 11:28:27+00:00,"Maturareise in Kroatien: In einigen Fällen ""konkrete Anschuldigungen"":  https://t.co/QItQ1iAI0J",https://t.co/QItQ1iAI0J,0.0,0.0,https://www.derstandard.at/story/2000128183858/maturareise-in-kroatien-in-einigen-faellen-konkrete-anschuldigungen
2021-07-13 14:13:38+00:00,19-jähriger Österreicher bei Maturareise in Kroatien festgenommen:  https://t.co/UYjigDqkhW,https://t.co/UYjigDqkhW,0.0,0.0,https://www.derstandard.at/story/2000128164728/19-jaehriger-oesterreicher-bei-maturareise-in-kroatien-festgenommen
2021-07-02 10:14:12+00:00,Verschärfte Einreisebestimmungen für Kroatien:  https://t.co/4ekBJPfhjx,https://t.co/4ekBJPfhjx,0.0,0.0,https://www.derstandard.de/story/2000127894538/verschaerfte-einreisebestimmungen-fuer-kroatien
2021-07-01 09:07:17+00:00,"Kroaten im Burgenland: ""Mehrsprachig sein, das ist gajl"":  https://t.co/RbtZ5yBIgB",https://t.co/RbtZ5yBIgB,0.0,0.0,https://www.derstandard.at/story/2000127250806/kroaten-im-burgenland-mehrsprachig-sein-das-ist-gajl
2021-06-28 18:53:50+00:00,Torspektakel: Spanien nach Thriller gegen Kroatien im Viertelfinale:  https://t.co/nsq7h8eFmh,https://t.co/nsq7h8eFmh,0.1027,0.0,https://www.derstandard.at/story/2000127793451/torspektakel-spanien-nach-thriller-gegen-kroatien-im-viertelfinale
2021-06-28 08:13:35+00:00,"Kroatien vs. Spanien, Frankreich vs. Schweiz: Wer steigt auf?:  https://t.co/xgFbxXYpkW",https://t.co/xgFbxXYpkW,0.0,0.0,https://www.derstandard.at/story/2000127706772/kroatien-vs-spanien-frankreich-vs-schweiz-wer-steigt-auf
2021-06-28 07:13:07+00:00,Strache soll Brand auf Motorjacht in Kroatien knapp entkommen sein:  https://t.co/kS3e0onZJo,https://t.co/kS3e0onZJo,0.0,0.0,https://www.derstandard.at/story/2000127765490/strache-soll-brand-auf-motorjacht-in-kroatien-knapp-entkommen-sein
2021-06-27 18:36:47+00:00,"Euro-Ticker: Kroatien vs. Spanien, Mo., 18 Uhr und Frankreich vs. Schweiz 21 Uhr:  https://t.co/TDx6h8tdEf",https://t.co/TDx6h8tdEf,0.0,0.0,https://www.derstandard.at/jetzt/livebericht/2000127756528/euro-ticker-kroatien-vs-spanien-mo-18-uhr-und-frankreich
2021-06-27 18:21:59+00:00,"Montag, 18 Uhr: Kroatien ohne Perišić, Spanien mit viel Appetit:  https://t.co/LzQmP7SCWL",https://t.co/LzQmP7SCWL,0.0,0.0,https://www.derstandard.at/story/2000127756436/montag-18-uhrkroatien-ohne-perisic-spanien-mit-viel-appetit
2021-06-27 07:28:44+00:00,Perisic fällt bei Kroatien wegen Corona-Infektion aus:  https://t.co/fDuKHPNphW,https://t.co/fDuKHPNphW,0.0,0.0,https://www.derstandard.at/story/2000127752623/perisic-faellt-bei-kroatien-wegen-corona-infektion-aus
2021-06-25 12:54:37+00:00,Erneut illegale Pushbacks an der kroatischen Grenze dokumentiert:  https://t.co/ZhdoogvQyy,https://t.co/ZhdoogvQyy,0.0,0.0,https://www.derstandard.at/story/2000127723113/erneut-illegale-pushbacks-an-der-kroatischen-grenze-dokumentiert
2021-06-23 19:51:46+00:00,Kroatiens Polizei schickt Migranten nach Bosnien zurück:  https://t.co/lNB1ZfZlL9,https://t.co/lNB1ZfZlL9,0.0,0.0,https://www.derstandard.at/story/2000127670182/kroatiens-polizei-schickt-migranten-nach-bosnien-zurueck
2021-06-23 14:33:19+00:00,Harry Potters Tanz bei Kroatiens Achterbahnfahrt:  https://t.co/aWpgDmKwYB,https://t.co/aWpgDmKwYB,0.0,0.0,https://www.derstandard.at/story/2000127659612/harry-potters-tanz-bei-kroatiens-achterbahnfahrt
2021-06-22 21:05:20+00:00,Kroatien im EM-Achtelfinale: Modric-Traumtor bei 3:1 gegen Schottland:  https://t.co/MB9ZBZfHyn,https://t.co/MB9ZBZfHyn,0.0,0.0,https://www.derstandard.at/story/2000127638859/kroatien-nach-11-gegen-tschechien-im-letzten-spiel-unter-druck
2021-06-21 17:30:33+00:00,"Euro-Ticker: Kroatien vs. Schottland, Tschechien vs. England, Di. 21 Uhr:  https://t.co/en6gz3pmnE",https://t.co/en6gz3pmnE,0.0,0.0,https://www.derstandard.at/jetzt/livebericht/2000127589893/euro-ticker-kroatien-vs-schottland-tschechien-vs-england-di-21
2021-06-21 15:43:51+00:00,"Kroatien vs. Schottland, Tschechien vs. England: Ihre Tipps?:  https://t.co/mPYI6asp4r",https://t.co/mPYI6asp4r,0.0,0.0,https://www.derstandard.at/story/2000127576483/kroatien-vs-schottland-tschechien-vs-england-ihre-tipps
2021-06-21 15:13:55+00:00,"Dienstag, 21 Uhr: Harsche Kritik an Englands Kane, Kroatien und Schottland müssen siegen:  https://t.co/Wi7k99koXO",https://t.co/Wi7k99koXO,0.0,0.0,https://www.derstandard.at/story/2000127589732/dienstag-21-uhr-harsche-kritik-an-englands-kane-kroatien-und
2021-06-18 18:03:27+00:00,Kroatien nach 1:1 gegen Tschechien im letzten Spiel unter Druck:  https://t.co/uM2cI9oMfu,https://t.co/uM2cI9oMfu,0.0,0.0,https://www.derstandard.at/story/2000127542707/kroatien-nach-11-gegen-tschechien-im-letzten-spiel-unter-druck
2021-06-18 01:25:07+00:00,"Euro-Ticker: Schweden vs. Slowakei, Kroatien vs. Tschechien, England vs. Schottland, ab 15 Uhr:  https://t.co/dFG6Q49FRt",https://t.co/dFG6Q49FRt,0.0,0.0,https://www.derstandard.at/jetzt/livebericht/2000127490780/euro-ticker-schweden-vs-slowakei-kroatien-vs-tschechien-england-vs
2021-06-17 21:51:37+00:00,"Schweden vs. Slowakei, Kroatien vs. Tschechien, England vs. Schottland: Wer wird gewinnen?:  https://t.co/HvW7VQHzeV",https://t.co/HvW7VQHzeV,0.0,0.0,https://www.derstandard.at/story/2000127384554/schweden-vs-slowakei-kroatien-vs-tschechien-england-vs-schottland-wer
2021-06-17 14:24:18+00:00,"Freitag, 18 Uhr: Kroatien will Zittern mit Sieg gegen Tschechien vermeiden:  https://t.co/grQbgEBYKG",https://t.co/grQbgEBYKG,0.0,0.0,https://www.derstandard.at/story/2000127490303/freitag-18-uhrkroatien-will-zittern-mit-sieg-gegen-tschechien-vermeiden
2021-06-13 14:57:59+00:00,Sterling beschert dominanten Engländern Auftaktsieg gegen Kroatien:  https://t.co/NO9BW5ZGJ5,https://t.co/NO9BW5ZGJ5,0.0,0.0,https://www.derstandard.at/story/2000127360007/sterling-beschert-dominanten-englaendern-auftaktsieg-gegen-kroatien
2021-06-12 21:24:33+00:00,"England vs. Kroatien, Österreich vs. Nordmazedonien, Ukraine vs. Niederlande: Wer gewinnt?:  https://t.co/nWBIaayZGC",https://t.co/nWBIaayZGC,0.0,0.0,https://www.derstandard.at/story/2000127288373/england-vs-kroatien-oesterreich-vs-nordmazedonien-ukraine-vs-niederlande-wer
2021-06-12 06:47:41+00:00,"Euro-Ticker: England vs. Kroatien, Österreich vs. Nordmazedonien, Niederlande vs. Ukraine, So., ab 15 Uhr:  https://t.co/eCH8XSe6MO",https://t.co/eCH8XSe6MO,0.0,0.0,https://www.derstandard.at/jetzt/livebericht/2000127328323/euro-ticker-england-vs-kroatien-oesterreich-vs-nordmazedonien-niederlande-vs
2021-06-02 12:27:24+00:00,Kroatien lässt Touristen aus EU schon nach Erstimpfung einreisen:  https://t.co/lerXkZ5JP3,https://t.co/lerXkZ5JP3,0.0,0.0,https://www.derstandard.at/story/2000127115740/kroatien-laesst-touristen-aus-eu-schon-nach-erstimpfung-einreisen
2021-05-30 07:27:49+00:00,Zweite Runde der Lokalwahlen in Kroatien begonnen:  https://t.co/sK6s2IK6nr,https://t.co/sK6s2IK6nr,0.0,0.0,https://www.derstandard.at/story/2000127024639/zweite-runde-der-lokalwahlen-in-kroatien-begonnen
2021-05-17 04:39:26+00:00,Lokalwahlen in Kroatien: Kopf-an-Kopf-Rennen in Zagreb um zweiten Platz:  https://t.co/jUXSTbhNi6,https://t.co/jUXSTbhNi6,0.0,0.0,https://www.derstandard.at/story/2000126682731/lokalwahlen-in-kroatien-kopf-an-kopf-rennen-in-zagreb-um
2021-05-16 06:34:59+00:00,Regional- und Lokalwahlen in Kroatien: Größte Städte heiß umkämpft:  https://t.co/YSLcjVH96l,https://t.co/YSLcjVH96l,0.0,0.0,https://www.derstandard.at/story/2000126668430/regional-und-lokalwahlen-in-kroatien-groesste-staedte-heiss-umkaempft
2021-05-15 09:06:59+00:00,Kroaten wählen neue Bürgermeister in großen Städten:  https://t.co/kofkrCvZfr,https://t.co/kofkrCvZfr,0.0,0.0,https://www.derstandard.at/story/2000126651058/kroaten-waehlen-neue-buergermeister-in-grossen-staedten
2021-05-05 12:27:07+00:00,Kroatisches Gericht erlaubt Adoptionsrecht für Homosexuelle:  https://t.co/00ddSvl5UV,https://t.co/00ddSvl5UV,0.0,0.0,https://www.derstandard.at/story/2000126410721/kroatisches-gericht-erlaubt-adoptionsrecht-fuer-homosexuelle
2021-03-28 11:00:34+00:00,Sechs EU-Staaten unterstützen Kroatien in seiner Bosnien-Politik:  https://t.co/zYD7TPvxh8,https://t.co/zYD7TPvxh8,0.0,0.0,https://www.derstandard.de/story/2000125416647/sechs-eu-staaten-unterstuetzen-kroatien-in-seiner-bosnien-politik
2021-03-10 13:03:36+00:00,Kroaten in der EU agitieren für nationalistische Anliegen in Bosnien:  https://t.co/TocyLDg6zK,https://t.co/TocyLDg6zK,0.0,0.0,https://www.derstandard.de/story/2000124834850/kroaten-in-der-eu-agitieren-fuer-nationalistische-anliegen-in-bosnien
2021-01-28 14:43:45+00:00,"Österreichs U21-Team in EM-Quali gegen Kroatien, Norwegen:  https://t.co/WxGnoECqIB",https://t.co/WxGnoECqIB,0.0,0.0,https://www.derstandard.at/story/2000123695080/oesterreichs-u21-team-in-em-quali-gegen-kroatien-norwegen
2021-01-27 05:03:05+00:00,Ursache für Beinahe-Blackout in Europa zu Jahresbeginn lag in Kroatien:  https://t.co/GMJXGcRH6P,https://t.co/GMJXGcRH6P,-0.34,0.0,https://www.derstandard.at/story/2000123637082/ursache-fuer-beinahe-blackout-in-europa-zu-jahresbeginn-lag-in
2021-01-08 17:36:53+00:00,"Erdbeben in Kroatien: Kernkraft, Corona-Maßnahmen, Erdlöcher:  https://t.co/aRP3koHi87",https://t.co/aRP3koHi87,0.0,0.0,https://www.derstandard.at/story/2000123131072/erdbeben-in-kroatien-kernkraft-corona-massnahmen-erdloecher
2021-01-06 18:36:41+00:00,Erneut Erdbeben im kroatischen Petrinja:  https://t.co/bisnOEUhFZ,https://t.co/bisnOEUhFZ,0.0,0.0,https://www.derstandard.at/story/2000122964630/erneut-erdbeben-im-kroatischen-petrinja
2021-01-04 08:25:37+00:00,"Nächstes Erdbeben der Stärke 4,2 erschüttert Kroatien:  https://t.co/jE9eBhrZvB",https://t.co/jE9eBhrZvB,0.0,0.0,https://www.derstandard.at/story/2000122909222/naechstes-erdbeben-der-staerke-4-2-erschuettert-kroatien
2020-12-31 07:52:40+00:00,Weitere schwächere Nachbeben in Kroatien:  https://t.co/NWHC8ZRxGb,https://t.co/NWHC8ZRxGb,0.0,0.0,https://www.derstandard.at/story/2000122867166/weitere-schwaechere-nachbeben-in-kroatien
2020-12-30 08:22:27+00:00,Drei weitere Erdbeben erschüttern Kroatien:  https://t.co/O1zTeDI9CS,https://t.co/O1zTeDI9CS,0.0,0.0,https://www.derstandard.at/story/2000122845066/drei-weitere-erdbeben-erschuettern-kroatien
2020-12-29 11:53:41+00:00,Erneutes Erdbeben in Kroatien war in Österreich zu spüren:  https://t.co/BxOWo26TDw,https://t.co/BxOWo26TDw,-0.5994,0.0,https://www.derstandard.at/story/2000122826003/erdbeben-kroatiender-staerke-6-4-erschuettert
2020-11-13 13:34:44+00:00,"Scheinaufträge an PR-Firma: Kroatischer Ex-Premier Sanader im Fall ""Fimi Media"" verurteilt:  https://t.co/6hRQW5Sztd",https://t.co/6hRQW5Sztd,0.0,0.0,https://www.derstandard.at/story/2000121688734/scheinauftraege-an-pr-firma-kroatischer-ex-premier-sanader-im-fall
2020-11-13 09:39:15+00:00,EU-Ombudsmann verlangt Überwachung kroatischer Grenzpolizei:  https://t.co/D79MoF2z5Y,https://t.co/D79MoF2z5Y,0.0,0.0,https://www.derstandard.at/story/2000121676311/eu-ombudsmann-verlangt-ueberwachung-kroatischer-grenzpolizei
2020-10-12 09:03:11+00:00,Polizeibeamter vor kroatischem Regierungsgebäude angeschossen:  https://t.co/iPitwYr7Zw,https://t.co/iPitwYr7Zw,0.0,0.0,https://www.derstandard.at/story/2000120843416/polizeibeamter-vor-kroatischem-regierungsgebaeude-angeschossen
2020-09-12 15:07:26+00:00,"Campinganbieter Gebetsroither: ""Muss man ganz Kroatien zusperren?"":  https://t.co/X6762l7ssA",https://t.co/X6762l7ssA,0.0,0.0,https://www.derstandard.at/story/2000119950122/campinganbieter-gebetsroither-muss-man-ganz-kroatien-zusperren
2020-08-24 09:43:58+00:00,"Wien sieht ""massiven Infektionsdruck"" durch symptomfreie Kroatien-Reiserückkehrer:  https://t.co/4RYykGwTin",https://t.co/4RYykGwTin,0.0,0.0,https://www.derstandard.at/story/2000119543512/wien-sieht-massiven-infektionsdruck-durchasymptomatische-kroatien-reiserueckkehrer
2020-08-22 05:59:21+00:00,Wien: Ein Drittel der positiven Rückkehrer aus Kroatien:  https://t.co/hYj6nLA1sF,https://t.co/hYj6nLA1sF,0.0,0.0,https://www.derstandard.at/story/2000119519921/wien-ein-drittel-der-positiven-rueckkehrer-aus-kroatien
2020-08-20 11:47:38+00:00,Deutschland verhängt Reisewarnung für Teile Kroatiens:  https://t.co/GGoJBnd4Ti,https://t.co/GGoJBnd4Ti,0.0,0.0,https://www.derstandard.at/story/2000119478726/deutschland-verhaengt-reisewarnung-fuer-teile-kroatiens
2020-08-19 13:13:13+00:00,Nach Reisewarnung: Tausende Österreicher haben Kroatien verlassen:  https://t.co/fHi4tckXq1,https://t.co/fHi4tckXq1,0.0,0.0,https://www.derstandard.at/story/2000119454874/nach-reisewarnungtausende-oesterreicher-haben-kroatien-verlassen
2020-08-17 04:16:53+00:00,"Reisewarnung für Kroatien in Kraft, Faßmann präsentiert Pläne für Schulbeginn:  https://t.co/hrL191fcE4",https://t.co/hrL191fcE4,0.0,0.0,https://www.derstandard.at/jetzt/livebericht/2000119396183/reisewarnung-fuer-kroatien-in-kraft-fassmann-praesentiert-plaene-fuer-schulbeginn
2020-08-16 16:38:57+00:00,Warum es jetzt gratis Corona-Tests für Kroatien-Urlauber gibt:  https://t.co/vL3mpUTsd1,https://t.co/vL3mpUTsd1,0.0516,0.0,https://www.derstandard.at/story/2000119393265/corona-sondertests-fuer-zurueckgereiste-kroatien-urlauber
2020-08-16 15:20:53+00:00,Reisewarnung für Kroatien: Es geht nur ums Verhalten:  https://t.co/UVGUTgGyFa,https://t.co/UVGUTgGyFa,0.0,0.0,https://www.derstandard.at/story/2000119391097/reisewarnung-fuer-kroatien-es-geht-nur-ums-verhalten
2020-08-15 11:00:24+00:00,Was ab Montag für Kroatien-Urlauber gilt:  https://t.co/1EiNTxKQ8C,https://t.co/1EiNTxKQ8C,0.0,0.0,https://www.derstandard.at/story/2000119377102/was-ab-montag-fuer-kroatien-urlauber-gilt
2020-08-14 09:36:08+00:00,Kroatien meldet Rekord bei Infektionen und schränkt Öffnungszeiten von Nachtclubs ein:  https://t.co/4rwCvuVOuv,https://t.co/4rwCvuVOuv,0.0,0.0,https://www.derstandard.at/story/2000119362033/kroatien-meldet-rekord-bei-infektionen-und-schraenktoeffnungszeiten-von-nachtclubs-ein
2020-08-04 11:05:56+00:00,Shitstorm: Experte warnt vor Partyurlaub in Kroatien und ist selber dort:  https://t.co/eT4TCnBDOG,https://t.co/eT4TCnBDOG,0.0,0.0,https://www.derstandard.de/story/2000119157315/shitstorm-experte-warnt-vor-partyurlaub-in-kroatien-und-ist-selber
2020-07-13 14:11:36+00:00,Bayern-Tormann Neuer singt in Kroatien-Urlaub Lied von rechtsextremer Band:  https://t.co/rVqoetV7s4,https://t.co/rVqoetV7s4,-0.3818,0.0,https://www.derstandard.at/story/2000118681648/bayern-tormann-neuer-singt-in-kroatien-urlaub-lied-von-rechtsextremer
2020-07-10 17:56:17+00:00,Kroatien und Bulgarien nehmen Hürde auf dem Weg zum Euro:  https://t.co/G5MoztSaaP,https://t.co/G5MoztSaaP,0.0,0.0,https://www.derstandard.at/story/2000118648557/kroatien-und-bulgarien-nehmen-huerde-auf-dem-weg-zum-euro
2020-07-09 10:23:05+00:00,Kroatien und Bulgarien haben gute Chancen auf baldigen Euro-Beitritt:  https://t.co/t8VrcYkPds,https://t.co/t8VrcYkPds,0.0,0.0,https://www.derstandard.at/story/2000118606784/kroatien-und-bulgarien-haben-gute-chancen-auf-baldigen-euro-beitritt
2020-07-07 07:15:00+00:00,Von der Leyen bereut Fehler bei Auftritt in Wahlvideo für kroatische HDZ:  https://t.co/x657nyFFiZ,https://t.co/x657nyFFiZ,0.0,0.0,https://www.derstandard.at/story/2000118550500/von-der-leyen-bereut-fehler-bei-auftritt-in-wahlvideo-fuer
2020-07-06 15:39:25+00:00,Triumph für Premier Plenković in Kroatien:  https://t.co/qhG5tqYg1x,https://t.co/qhG5tqYg1x,0.4767,0.0,https://www.derstandard.at/story/2000118543067/triumph-fuer-premier-plenkovic-in-kroatien
2020-07-05 13:36:40+00:00,Rechtspopulisten in Kroatien bei Parlamentswahlen entscheidend:  https://t.co/iuY72IrW1c,https://t.co/iuY72IrW1c,0.0,0.0,https://www.derstandard.at/story/2000118518327/rechtspopulisten-in-kroatien-bei-parlamentswahlen-entscheidend
2020-07-05 05:32:27+00:00,Parlamentswahl in Kroatien begonnen:  https://t.co/ntEa5P65hl,https://t.co/ntEa5P65hl,0.0,0.0,https://www.derstandard.at/story/2000118513947/parlamentswahl-in-kroatien-begonnen
2020-07-03 07:13:28+00:00,Knappes Rennen um Macht in Kroatien:  https://t.co/rPNc7OEf1D,https://t.co/rPNc7OEf1D,0.0,0.0,https://www.derstandard.at/story/2000118469943/knappes-rennen-um-macht-in-kroatien
2020-07-01 04:08:04+00:00,Österreichs Arbeitsmarkt öffnet für Kroaten:  https://t.co/XTAGsqVpu7,https://t.co/XTAGsqVpu7,0.0,0.0,https://www.derstandard.at/story/2000118415153/oesterreichs-arbeitsmarkt-oeffnet-fuer-kroaten
2020-06-25 16:58:55+00:00,Sorge in Urlaubsländern: Neue Corona-Cluster in Kroatien und Italien entdeckt:  https://t.co/Nia7meNvxP,https://t.co/Nia7meNvxP,0.0,0.0,https://www.derstandard.at/story/2000118327581/sorge-in-urlaubslaendern-neue-corona-cluster-in-kroatien-und-italien
2020-06-15 16:40:05+00:00,Kroatien: Reisetipps für das Land der tausend Inseln:  https://t.co/H4lhhPCZHs,https://t.co/H4lhhPCZHs,0.0,0.0,https://www.derstandard.at/story/2000118070648/kroatien-reisetipps-fuer-das-land-der-tausend-inseln
2020-06-12 13:55:01+00:00,Kroatien weist jüngste Misshandlungsvorwürfe gegen Flüchtlinge zurück:  https://t.co/S9ypesEvLU,https://t.co/S9ypesEvLU,0.0,0.0,https://www.derstandard.at/story/2000118039753/kroatien-weist-juengste-misshandlungsvorwuerfe-gegen-fluechtlinge-zurueck
2020-06-11 19:30:57+00:00,Amnesty: Neuer Grad an Polizeigewalt gegen Migranten in Kroatien:  https://t.co/MQm84e6w3s,https://t.co/MQm84e6w3s,0.0,0.0,https://www.derstandard.at/story/2000118024586/amnesty-neuer-grad-an-polizeigewalt-gegen-migranten-in-kroatien
2020-06-10 09:25:53+00:00,Kroatien möchte im Juli dem Wechselkursmechanismus beitreten:  https://t.co/NewcXIOikX,https://t.co/NewcXIOikX,0.0,0.0,https://www.derstandard.at/story/2000117996969/kroatien-moechte-im-juli-dem-wechselkursmechanismus-beitreten
2020-06-09 11:38:14+00:00,"Freies Reisen ab 16. Juni nach Kroatien, Italien und Griechenland:  https://t.co/BcWWHNBIOK",https://t.co/BcWWHNBIOK,0.0,0.0,https://www.derstandard.at/story/2000117975804/freies-reisen-ab-16-juni-nach-kroatien-italien-griechenland
2020-06-08 17:05:21+00:00,Kroatien fühlt sich von Österreichs Grenzregime diskriminiert:  https://t.co/ob4rULlCEm,https://t.co/ob4rULlCEm,0.0,0.0,https://www.derstandard.at/story/2000117962382/kroatien-fuehlt-sich-von-oesterreich-diskriminiert
2020-05-30 05:03:35+00:00,Kroatischer Premier will Pandemie für vorgezogene Wahlen nutzen:  https://t.co/MAV5emXAzD,https://t.co/MAV5emXAzD,0.0,0.0,https://www.derstandard.at/story/2000117755482/kroatischer-premier-will-pandemie-fuer-vorgezogene-wahlen-nutzen
2020-05-22 07:13:33+00:00,"Wie man heuer nach Deutschland, Italien, Kroatien, Griechenland, Spanien, der Türkei und Frankreich kommt:  https://t.co/9rycuRWjI0",https://t.co/9rycuRWjI0,0.0,0.0,https://www.derstandard.at/story/2000117622589/wie-man-heuer-nach-deutschland-italien-kroatien-griechenland-spanien-der
2020-05-20 11:32:09+00:00,Kroatiens Präsident setzt Parlamentswahlen für 5. Juli an:  https://t.co/GnBytFSpIz,https://t.co/GnBytFSpIz,0.0,0.0,https://www.derstandard.at/story/2000117605384/kroatiens-praesident-setzt-parlamentswahlen-fuer-5-juli-an
2020-05-13 16:30:31+00:00,Kroatien streitet Misshandlung von Flüchtlingen ab:  https://t.co/ResvG3IJ1n,https://t.co/ResvG3IJ1n,0.0,0.0,https://www.derstandard.at/story/2000117474361/kroatien-streitet-misshandlung-von-fluechtlingen-ab
2020-05-13 06:03:42+00:00,Grüne kritisieren Misshandlungen an Flüchtlingen an kroatisch-bosnischer Grenze:  https://t.co/y63AhkYBRC,https://t.co/y63AhkYBRC,0.0,0.0,https://www.derstandard.at/story/2000117453700/gruene-kritisierenmisshandlungen-an-fluechtlingen-an-kroatisch-bosnischer-grenze
2020-04-14 11:19:20+00:00,Kroatische Journalisten bei Gottesdienst attackiert:  https://t.co/CLvtwd9Kbn,https://t.co/CLvtwd9Kbn,0.0,0.0,https://www.derstandard.at/story/2000116838949/kroatische-journalisten-bei-gottesdienst-attackiert
2020-03-03 09:19:56+00:00,"Eva Maria Marold: ""Die kroatische Musik ist schwer und wehmütig"":  https://t.co/HDIKiGZQYb",https://t.co/HDIKiGZQYb,-0.5994,0.0,https://www.derstandard.at/story/2000114720177/eva-maria-marold-die-kroatische-musik-ist-schwer-und-wehmuetig
2020-02-25 08:41:33+00:00,Kroatien: Figur eines schwulen Paares mit Kind bei Fasching verbrannt:  https://t.co/IcJ48iUDxk,https://t.co/IcJ48iUDxk,0.5267,0.6,https://www.derstandard.at/story/2000114990435/kroatien-figur-eines-schwulen-paares-mit-kind-bei-fasching-verbrannt
2020-02-25 07:57:12+00:00,Kroate Zvonimir Soldo wird neuer Admira-Trainer:  https://t.co/dU7esJXXFF,https://t.co/dU7esJXXFF,0.0,0.0,
2020-02-18 08:08:56+00:00,Kroatiens neuer Präsident Milanović tritt Amt an:  https://t.co/gBmiYcmLMo,https://t.co/gBmiYcmLMo,0.0,0.0,https://www.derstandard.at/story/2000114697114/kroatiens-neuer-praesidentmilanovic-tritt-amt-an
2020-02-11 20:06:16+00:00,Matic von Rapid nach Kroatien:  https://t.co/pu8HYdBTdH,https://t.co/pu8HYdBTdH,0.0,0.0,https://www.derstandard.at/story/2000114433386/matic-von-rapid-nach-kroatien
2020-01-24 21:53:53+00:00,Kroatien und Titelverteidiger Spanien im EM-Finale:  https://t.co/j4dNwsKv6w,https://t.co/j4dNwsKv6w,0.0,0.0,https://www.derstandard.at/story/2000113731432/kroatien-und-titelverteidiger-spanien-im-em-finale
2020-01-22 22:46:56+00:00,Norwegen makellos ins EM-Halbfinale gegen Kroaten:  https://t.co/UAnQWPmTGu,https://t.co/UAnQWPmTGu,0.0,0.0,https://www.derstandard.at/story/2000113632942/norwegen-makellos-ins-em-halbfinale-gegen-kroaten
2020-01-16 19:02:09+00:00,Kroatien bei Handball-EM eine Nummer zu groß für Österreich:  https://t.co/4aUfktdZOG,https://t.co/4aUfktdZOG,0.0,0.0,https://www.derstandard.at/story/2000113396350/handball-oesterreich-musste-sich-kroatien-bei-em-geschlagen-geben
2020-01-16 17:03:33+00:00,"Handball-EM live: Österreich vs. Kroatien, 18.15 Uhr:  https://t.co/dHnLe4maYw",https://t.co/dHnLe4maYw,0.0,0.13636363636363635,https://www.derstandard.at/jetzt/livebericht/2000113367365/handball-em-oesterreich-vs-kroatien-18-15-uhr
2020-01-16 05:15:31+00:00,Handball-Weltspitze in Wien: Österreich trifft Kroatien:  https://t.co/ORKVVwDfE6,https://t.co/ORKVVwDfE6,0.0,0.0,https://www.derstandard.at/story/2000113345381/handball-weltspitze-in-wien-oesterreich-trifft-kroatien
2020-01-14 11:14:14+00:00,Kroatien im Blickpunkt:  https://t.co/usMEt1ABpe,https://t.co/usMEt1ABpe,0.0,0.0,https://www.derstandard.at/story/2000113246200/kroatien-im-blickpunkt
2020-01-11 18:14:58+00:00,Drei Tote bei Schussangriff in kroatischer Adriametropole Split:  https://t.co/hvAIDWa8Ai,https://t.co/hvAIDWa8Ai,0.0,0.0,https://www.derstandard.at/story/2000113189938/drei-tote-bei-schussangriff-in-kroatischer-adriametropole-split
2020-01-11 17:13:07+00:00,"Kroatien bei EM makellos, auch Niederlande, Ungarn siegten:  https://t.co/FSY4uZp3At",https://t.co/FSY4uZp3At,0.0,0.0,https://www.derstandard.at/story/2000113189368/kroatien-bei-em-makellos-auch-niederlande-ungarn-siegten
2020-01-06 15:03:04+00:00,Für Kroatien ist mehr Souveränität gefragt:  https://t.co/NcNmujXNBx,https://t.co/NcNmujXNBx,0.0,0.0,https://www.derstandard.at/story/2000112976143/fuer-kroatien-ist-mehr-souveraenitaet-gefragt
2020-01-05 18:43:39+00:00,Milanović liegt bei Wahlen in Kroatien vorn:  https://t.co/nWIsKT52Zc,https://t.co/nWIsKT52Zc,0.0,0.0,https://www.derstandard.at/story/2000112955293/milanovic-liegt-bei-wahlen-in-kroatien-vorn
2020-01-04 14:11:46+00:00,Knappes Rennen bei Präsidentenwahl in Kroatien:  https://t.co/61Gkq7X4GR,https://t.co/61Gkq7X4GR,0.0,0.0,https://www.derstandard.at/story/2000112905741/knappes-rennen-bei-praesidentenwahl-in-kroatien
2020-01-04 13:03:01+00:00,Österreich verliert beim ATP-Cup-Auftakt gegen Kroatien:  https://t.co/d7JT9RCKsN,https://t.co/d7JT9RCKsN,0.0,0.0,https://www.derstandard.de/story/2000112924568/oesterreich-verlor-beim-atp-cup-auftakt-gegen-kroatien
2020-01-01 09:10:01+00:00,Kroatien übernimmt den EU-Ratsvorsitz:  https://t.co/AYqFrMA6kL,https://t.co/AYqFrMA6kL,0.0,0.0,https://www.derstandard.at/story/2000112820252/kroatien-uebernimmt-am-1-jaenner-den-eu-ratsvorsitz
2019-12-30 14:00:02+00:00,Kroatiens Ex-Premier Sanader wegen Geldannahme zu sechs Jahren Haft verurteilt:  https://t.co/3wjz6kUpR6,https://t.co/3wjz6kUpR6,0.0,0.0,https://www.derstandard.at/story/2000112780789/kroatiens-ex-premier-sanader-wegen-geldannahme-zu-sechs-jahren-haft
2019-12-23 17:17:44+00:00,Kroatiens Präsidentin verpasst Platz eins:  https://t.co/vNjAHlDUnz,https://t.co/vNjAHlDUnz,0.0,0.0,https://www.derstandard.at/story/2000112627734/kroatiens-praesidentin-verpasst-platz-eins
2019-12-22 20:15:17+00:00,Sozialdemokrat dürfte erste Runde der kroatischen Präsidentenwahl gewinnen:  https://t.co/0ImU2dy4mR,https://t.co/0ImU2dy4mR,0.0,0.0,https://www.derstandard.at/story/2000112597651/sozialdemokratmilanovic-duerfte-erste-runde-der-kroatischen-praesidentenwahl-gewinnen
2019-12-22 07:12:03+00:00,Wie ein Tamburica-Spieler in Kroatien Druck von rechts macht:  https://t.co/9ITTvgymB7,https://t.co/9ITTvgymB7,0.0,0.0,https://www.derstandard.at/story/2000112449650/wie-ein-tamburica-spieler-in-kroatien-druck-von-rechtsmacht
2019-11-22 12:01:44+00:00,"Kroatischer Polizist schoss ""aus Versehen"" auf Migranten:  https://t.co/TbudvJSf7s",https://t.co/TbudvJSf7s,0.0,0.0,https://www.derstandard.at/story/2000111391892/kroatischer-polizist-schoss-aus-versehen-auf-migranten
2019-11-12 15:10:42+00:00,Kroatien will bis 2024 in die Eurozone:  https://t.co/NUPduZpfJO,https://t.co/NUPduZpfJO,-0.5994,0.0,https://www.derstandard.at/story/2000110985710/kroatien-will-bis-2024-in-die-eurozone
2019-10-09 04:09:39+00:00,"Halbe Hundert, Alles Isy, Weltjournal über Kroatien: TV-Tipps für Mittwoch:  https://t.co/YW1Ml4p6cT",https://t.co/YW1Ml4p6cT,0.0,0.0,
2019-10-02 13:50:54+00:00,Kroatiens Präsidentin geht gegen 13 Kandidaten ins Rennen ums Amt:  https://t.co/C6AjOfZGhL,https://t.co/C6AjOfZGhL,0.0,0.0,https://www.derstandard.at/story/2000109372565/kroatiens-praesidentin-geht-gegen-13-kandidaten-ins-rennen-ums-amt
2019-09-27 09:59:04+00:00,Kroatische EU-Kommissionsanwärterin Šuica wegen Vermögens unter Druck:  https://t.co/Q5UlxKes4i,https://t.co/Q5UlxKes4i,0.0,0.0,https://www.derstandard.at/story/2000109173397/kroatische-eu-kommissionsanwaerterin-suica-wegen-vermoegen-unter-druck
2019-09-16 09:58:13+00:00,Österreich beim ATP Cup gegen Kroatien und Argentinien:  https://t.co/HcnD0mwxyS,https://t.co/HcnD0mwxyS,0.0,0.0,https://www.derstandard.at/story/2000108686775/oesterreich-beim-atp-cup-gegen-kroatien-und-argentinien
2019-09-13 11:05:12+00:00,Hälfte der Kroaten will sich faschistischen Ustascha-Gruß nicht verbieten lassen:  https://t.co/AwyG6Pu3I1,https://t.co/AwyG6Pu3I1,0.0,0.0,https://www.derstandard.at/story/2000108601111/haelfte-der-kroaten-will-sich-faschistischen-ustascha-gruss-nicht-verbieten
2019-08-23 12:39:51+00:00,Ein ungeregelter Brexit würde Österreich und Kroatien am wenigsten treffen:  https://t.co/pxQo6U0FtO,https://t.co/pxQo6U0FtO,0.0,0.0,https://www.derstandard.at/story/2000107724621/ein-harter-brexit-wuerde-oesterreich-und-kroatien-am-wenigsten-treffen
2019-08-21 11:54:03+00:00,Kroatien nominiert EU-Abgeordnete Dubravka Suica als EU-Kommissarin:  https://t.co/JG8JTQt5OA,https://t.co/JG8JTQt5OA,0.0,0.0,https://www.derstandard.at/story/2000107641584/kroatien-nominiert-eu-abgeordnete-dubravka-suica-als-eu-kommissarin
2019-08-19 18:45:37+00:00,Kroatische Diplomatin wegen rassistischer Äußerungen suspendiert:  https://t.co/66zoNNMV5i,https://t.co/66zoNNMV5i,0.0,0.0,https://www.derstandard.at/story/2000107572932/kroatische-diplomatin-wegen-rassistischer-aeusserungen-suspendiert
2019-08-18 17:15:28+00:00,Aufregung um rassistische Äußerungen kroatischer Diplomatin in Berlin:  https://t.co/RJj1MW5uOz,https://t.co/RJj1MW5uOz,0.0,0.0,https://www.derstandard.at/story/2000107531363/aufregung-um-rassistische-aeusserungen-kroatischer-diplomatin-in-berlin
2019-08-14 15:44:52+00:00,Deutlich höhere Verkehrsstrafen in Kroatien:  https://t.co/nLMDrctLMO,https://t.co/nLMDrctLMO,0.0,0.0,https://www.derstandard.at/story/2000107408914/deutlich-hoehere-verkehrsstrafen-in-kroatien
2019-08-08 11:14:11+00:00,Kroatien weist neue Vorwürfe über Gewalt gegen Migranten zurück:  https://t.co/LrepGjBAEu,https://t.co/LrepGjBAEu,0.0,0.0,https://www.derstandard.at/story/2000107196705/kroatien-weist-neue-vorwuerfe-ueber-gewalt-gegen-migranten-zurueck
2019-08-05 04:05:52+00:00,Kroatiens Präsidentin hetzt gegen Nachbarland Bosnien:  https://t.co/nfObIjAeF9,https://t.co/nfObIjAeF9,0.0,0.0,https://www.derstandard.at/story/2000107043583/kroatiens-praesidentin-hetzt-gegen-nachbarland-bosnien
2019-08-01 09:30:52+00:00,48-Jähriger nach Hitlergruß am Kärntner Kroaten-Treffen verurteilt:  https://t.co/VX2iZblXs4,https://t.co/VX2iZblXs4,0.0,0.0,https://www.derstandard.at/story/2000106930124/48-jaehriger-nach-hitlergruss-am-kaerntner-kroaten-treffen-verurteilt
2019-07-31 11:19:42+00:00,"""Militanter Islamismus"": Kroatiens Präsidentin brüskiert Bosnien:  https://t.co/IOMYdfUaVc",https://t.co/IOMYdfUaVc,0.0,0.0,https://www.derstandard.at/story/2000106895402/militanter-islamismus-kroatiens-praesidentin-brueskiert-bosnien
2019-07-31 06:11:36+00:00,Kroatische Strandschönheiten: Karibik-Flair an der Adria:  https://t.co/He2dUTvPOc,https://t.co/He2dUTvPOc,0.0,0.0,https://www.derstandard.at/story/2000104689429/kroatische-strandschoenheiten-karibik-flair-an-der-adria
2019-07-16 16:55:00+00:00,Kroatien steht größere Regierungsumbildung bevor: https://t.co/H1CYtNq6Hb,https://t.co/H1CYtNq6Hb,0.0,0.0,https://www.derstandard.at/story/2000106342553/kroatien-steht-groessere-regierungsumbildung-bevor
2019-05-30 18:12:38+00:00,Kroatien - Magazin bedroht wegen Bleiburg-Berichten Journalisten:  https://t.co/7ympEZmDJZ,https://t.co/7ympEZmDJZ,0.0,0.0,//at.staticfiles.at/css/editorial-consent-7a466b6adf.css
2019-05-25 15:05:23+00:00,"""Marsch für das Leben"" - Tausende Kroaten demonstrierten gegen Abtreibungen:  https://t.co/xeEWp9eTOx",https://t.co/xeEWp9eTOx,0.0,0.0,//at.staticfiles.at/css/editorial-consent-7a466b6adf.css
2019-05-19 06:05:34+00:00,"Kroatisches Gedenken - Bleiburg: ""Ein faschistischer Aufmarsch hat in einer Demokratie nichts zu suchen"":  https://t.co/QGPD4WQfr2",https://t.co/QGPD4WQfr2,0.0,0.0,//at.staticfiles.at/css/editorial-consent-7a466b6adf.css
2019-05-15 14:11:53+00:00,Rechtsextremismus - Kroatentreffen: Zwei kroatische Minister kommen nach Bleiburg:  https://t.co/k6MVF6Q6uj,https://t.co/k6MVF6Q6uj,0.0,0.0,//at.staticfiles.at/css/editorial-consent-7a466b6adf.css
2019-05-10 19:03:34+00:00,Streit - Kroatiens Bauernpartei verlässt wegen Orbán EVP:  https://t.co/IQ2ZpIOn8O,https://t.co/IQ2ZpIOn8O,0.0,0.0,//at.staticfiles.at/css/editorial-consent-7a466b6adf.css
2019-04-12 06:14:05+00:00,Balkan - Ausspionieren: Kroatischer Geheimdienst verärgert Nachbarn:  https://t.co/ZXNyhfqzDh,https://t.co/ZXNyhfqzDh,0.0,0.0,//at.staticfiles.at/css/editorial-consent-7a466b6adf.css
2019-04-11 04:01:11+00:00,Eingriffe - Frauenproteste gegen Operationen ohne Anästhesie in Kroatien:  https://t.co/lty36UFdNZ,https://t.co/lty36UFdNZ,0.0,0.0,//at.staticfiles.at/css/editorial-consent-7a466b6adf.css
2019-03-21 22:12:47+00:00,"EM-Quali - Israel lässt zum Auftakt Punkte liegen, Kroatien vermeidet Blamage:  https://t.co/PajtgnDVE3",https://t.co/PajtgnDVE3,0.0,0.0,//at.staticfiles.at/css/editorial-consent-7a466b6adf.css
2019-02-01 09:52:53+00:00,Protest - Kroate zertrümmert wegen Zebrastreifen-Parkern eigenes Auto:  https://t.co/sLY9hE9hJa,https://t.co/sLY9hE9hJa,-0.25,0.0,//at.staticfiles.at/css/editorial-consent-7a466b6adf.css
2018-12-16 09:09:11+00:00,Grenzkontrolle - NGO dokumentiert Kollektivausweisungen von Migranten in Kroatien:  https://t.co/IKlquF7iD2,https://t.co/IKlquF7iD2,0.0,0.0,//at.staticfiles.at/css/editorial-consent-7a466b6adf.css
2018-12-14 20:20:07+00:00,Nachbarschaft - Kroatien mischt sich immer mehr in Bosnien-Herzegowina ein:  https://t.co/oSySvs5SZN,https://t.co/oSySvs5SZN,0.0,0.0,//at.staticfiles.at/css/editorial-consent-7a466b6adf.css
2018-11-22 13:03:33+00:00,Kroatien - Ex-Chef von kroatischem Lebensmittelkonzern Agrokor kommt aus U-Haft:  https://t.co/45dqz2rUyO,https://t.co/45dqz2rUyO,0.0,0.0,//at.staticfiles.at/css/editorial-consent-7a466b6adf.css
2018-11-04 08:48:35+00:00,UNO-Migrationspakt - Widerstand gegen Migrationspakt auch in Kroatien und Slowenien:  https://t.co/VhDdYuSfQr,https://t.co/VhDdYuSfQr,0.0,0.0,//at.staticfiles.at/css/editorial-consent-7a466b6adf.css
2018-10-29 07:06:43+00:00,Balkan - Kroatische Nachbarn greifen nach bosnischen Hebeln der Macht:  https://t.co/ecGbrqGCnW,https://t.co/ecGbrqGCnW,0.0,0.0,//at.staticfiles.at/css/editorial-consent-7a466b6adf.css
2018-10-17 19:33:40+00:00,"Kosovo - Kroatiens Altpräsident Stipe Mesić: ""Eine Grenzänderung führt zur Katastrophe"":  https://t.co/I49N9Prsot",https://t.co/I49N9Prsot,0.0,0.0,//at.staticfiles.at/css/editorial-consent-7a466b6adf.css
2018-10-12 21:20:57+00:00,Freitag - Kein Sieger bei WM-Revanche zwischen Kroatien und England:  https://t.co/RMiMSjMvFe,https://t.co/RMiMSjMvFe,0.0,0.0,//at.staticfiles.at/css/editorial-consent-7a466b6adf.css
2018-10-05 17:35:09+00:00,Polizeigewalt - Europarat besorgt über Behandlung von Migranten in Kroatien:  https://t.co/CCkYmZ2Pfv,https://t.co/CCkYmZ2Pfv,0.0,0.0,//at.staticfiles.at/css/editorial-consent-7a466b6adf.css
2018-09-24 20:47:23+00:00,Vizeweltmeister - Kroate Luka Modric ist Weltfußballer des Jahres:  https://t.co/zrCvECcHr5,https://t.co/zrCvECcHr5,0.0,0.0,//at.staticfiles.at/css/editorial-consent-7a466b6adf.css
2018-09-16 20:32:17+00:00,Davis Cup - Kroatien folgte Frankreich ins Finale nach:  https://t.co/ffLyeT7z0O,https://t.co/ffLyeT7z0O,0.0,0.0,//at.staticfiles.at/css/editorial-consent-7a466b6adf.css
2018-09-11 21:37:39+00:00,Nations League - Spanien zerlegt Vizeweltmeister Kroatien mit 6:0:  https://t.co/sPQZIZIcZE,https://t.co/sPQZIZIcZE,0.0,0.0,//at.staticfiles.at/css/editorial-consent-7a466b6adf.css
2018-09-07 13:02:22+00:00,Outdoor-Tipp - Kroatien: Radtour mit Austern-Jause in Istrien:  https://t.co/cevPvVUzbh,https://t.co/cevPvVUzbh,0.0,0.0,//at.staticfiles.at/css/editorial-consent-7a466b6adf.css
2018-08-20 11:57:00+00:00,Kroatien - Britische Touristin überlebte zehn Stunden in der Adria:  https://t.co/0oWlvBuo2u,https://t.co/0oWlvBuo2u,0.0,0.0,//at.staticfiles.at/css/editorial-consent-7a466b6adf.css
2018-07-26 04:06:46+00:00,Kroatien - Insel Pag: So unbekannt wie die Rückseite des Mondes:  https://t.co/LEszlZauGk,https://t.co/LEszlZauGk,-0.6326,0.0,//at.staticfiles.at/css/editorial-consent-7a466b6adf.css
2018-07-18 08:40:46+00:00,"Portrait - Amerikanische Offenheit, kroatischer Nationalismus:  https://t.co/zt1XYqRMEo",https://t.co/zt1XYqRMEo,0.0,0.0,//at.staticfiles.at/css/editorial-consent-7a466b6adf.css
2018-07-17 09:43:46+00:00,Fusball-WM - Ultranationalistischer Sänger bei Feier der Kroaten:  https://t.co/5eSmrRCEHS,https://t.co/5eSmrRCEHS,0.0,0.0,//at.staticfiles.at/css/editorial-consent-7a466b6adf.css
2018-07-16 12:45:13+00:00,"Fussball-WM 2018, Finale - Kroatiens Teamchef: ""Traurig, aber stolz"":  https://t.co/UFzwcAJSn5",https://t.co/UFzwcAJSn5,0.0,0.0,//at.staticfiles.at/css/editorial-consent-7a466b6adf.css
2018-07-16 03:45:58+00:00,"Fußball-WM - Kroatien-Fans in Wien-Ottakring laut Polizei ""weitgehend friedlich"":  https://t.co/XoH1ntbQyP",https://t.co/XoH1ntbQyP,0.0,0.0,//at.staticfiles.at/css/editorial-consent-7a466b6adf.css
2018-07-15 19:14:09+00:00,Fußball-WM - Frankreich ist Weltmeister: Reaktionen französischer und kroatischer Fans in Wien:  https://t.co/1ZA3ybMWEN,https://t.co/1ZA3ybMWEN,0.0,0.0,//at.staticfiles.at/css/editorial-consent-7a466b6adf.css
2018-07-15 17:37:52+00:00,Fußball-WM 2018 - Frankreichs Effizienz schlägt Kroatiens Mut:  https://t.co/SGyRfJ3ugg,https://t.co/SGyRfJ3ugg,0.0,0.0,//at.staticfiles.at/css/editorial-consent-7a466b6adf.css
2018-07-15 15:30:07+00:00,Schon zwei Tore von Kroatien! https://t.co/px8tSiFHAm #FRACRO,https://t.co/px8tSiFHAm,0.0,0.0,https://www.derstandard.at/jetzt/livebericht/2000083339935/wm-finale-live-frankreich-vs-kroatien-so-17-uhr
2018-07-15 14:11:39+00:00,"Fußball-WM - WM-Finale live: Frankreich vs. Kroatien, 17 Uhr:  https://t.co/HlHcP4EGs9",https://t.co/HlHcP4EGs9,0.0,0.13636363636363635,https://www.derstandard.at/jetzt/livebericht/2000083339935/wm-finale-live-frankreich-vs-kroatien-so-17-uhr
2018-07-15 06:16:58+00:00,Fußball-WM - Frankreich gegen Kroatien: Fast im Fußballhimmel:  https://t.co/uM615Y2km1,https://t.co/uM615Y2km1,0.0,0.2,//at.staticfiles.at/css/editorial-consent-7a466b6adf.css
2018-07-13 14:33:53+00:00,Frankreich gegen Kroatien - Ein Spiel zweier Leidenschaften:  https://t.co/JGYN2GgSf8,https://t.co/JGYN2GgSf8,0.0,0.0,//at.staticfiles.at/css/editorial-consent-7a466b6adf.css
2018-07-13 11:01:31+00:00,Nationalismus - Kroatiens Nationalstolz: Ein irritierender Kraftspender:  https://t.co/idkSwbzFL0,https://t.co/idkSwbzFL0,0.0,0.0,//at.staticfiles.at/css/editorial-consent-7a466b6adf.css
2018-07-13 10:45:57+00:00,"Ole Ole, das Fußball-Orakel - WM 2018: Frankreich wird Weltmeister, Kroatien macht schönstes Tor:  https://t.co/pRwUD7Cpe5",https://t.co/pRwUD7Cpe5,0.0,0.0,//at.staticfiles.at/css/editorial-consent-7a466b6adf.css
2018-07-12 15:36:53+00:00,"WM-Halbfinale - Kroatien im WM-Finale: Im Takt des kleinen, großen Dalmatiners:  https://t.co/Ri14saXKQz",https://t.co/Ri14saXKQz,0.0,0.0,//at.staticfiles.at/css/editorial-consent-7a466b6adf.css
2018-07-12 04:07:05+00:00,Fußball-WM - Friedliches Feiern auf der Ottakringer Straße nach Kroatien-Sieg:  https://t.co/3iXMxN29IN,https://t.co/3iXMxN29IN,0.0,0.0,//at.staticfiles.at/css/editorial-consent-7a466b6adf.css
2018-07-11 21:20:00+00:00,WM-Halbfinale - Kroatien ist Frankreichs Gegner im WM-Endspiel:  https://t.co/RdZYv6fKLa,https://t.co/RdZYv6fKLa,0.0,0.0,//at.staticfiles.at/css/editorial-consent-7a466b6adf.css
2018-07-11 20:22:07+00:00,"2:1 für Kroatien! Unfassbar! https://t.co/F0VvAFuG3A

#WM2018 #CROENG #Liveticker",https://t.co/F0VvAFuG3A,0.0,0.0,https://www.derstandard.at/jetzt/livebericht/2000083111408/wm-halbfinale-live-kroatien-vs-england-mi-20-uhr
2018-07-11 18:13:19+00:00,"Das Schöne an einem frühen Gegentor ist, wir Fußballphilosophen wissen es, dass noch viel Zeit bleibt, an einem so sich ergebenden Zwischenstand noch zu schrauben. Die Kroaten werden sich das vorbeten. https://t.co/F0VvAFuG3A

#WM2018 #CROENG #Liveticker",https://t.co/F0VvAFuG3A,-0.5994,0.0,https://www.derstandard.at/jetzt/livebericht/2000083111408/wm-halbfinale-live-kroatien-vs-england-mi-20-uhr
2018-07-11 16:59:00+00:00,"Fußball - WM-Halbfinale live: Kroatien vs. England, 20 Uhr:  https://t.co/QSjYR9aosQ",https://t.co/QSjYR9aosQ,0.0,0.13636363636363635,https://www.derstandard.at/jetzt/livebericht/2000083111408/wm-halbfinale-live-kroatien-vs-england-mi-20-uhr
2018-07-11 14:48:23+00:00,Fußball-WM in Russland - Vor Halbfinale Kroatien vs. England: Ottakringer halten zu Kroatien:  https://t.co/sDB24LPtMw,https://t.co/sDB24LPtMw,0.0,0.0,//at.staticfiles.at/css/editorial-consent-7a466b6adf.css
2018-07-10 14:37:26+00:00,Ärger - Erneute Untersuchung gegen Kroaten Vida:  https://t.co/941zKxF8Vh,https://t.co/941zKxF8Vh,0.0,0.0,//at.staticfiles.at/css/editorial-consent-7a466b6adf.css
2018-07-09 09:32:58+00:00,"Ärger - ""Ruhm der Ukraine"": Fifa verwarnt Kroatiens Vida:  https://t.co/1AiRevWvDL",https://t.co/1AiRevWvDL,0.0,0.0,//at.staticfiles.at/css/editorial-consent-7a466b6adf.css
2018-07-08 11:44:05+00:00,"WM 2018: Halbfinale - Kroatien nach erneutem ""Extradrama"" im Freudentaumel:  https://t.co/IXk06iMb6q",https://t.co/IXk06iMb6q,0.0,0.0,//at.staticfiles.at/css/editorial-consent-7a466b6adf.css
2018-07-08 10:41:19+00:00,Turbulenzen - Ausschreitungen in Wien-Ottakring nach WM-Viertelfinalsieg Kroatiens:  https://t.co/1WDgZHQ2XQ,https://t.co/1WDgZHQ2XQ,0.0,0.0,//at.staticfiles.at/css/editorial-consent-7a466b6adf.css
2018-07-07 21:39:32+00:00,WM-Viertelfinale - Kroatien im Halbfinale: Russlands Märchen endet nach Elfer-Thriller:  https://t.co/YNtgCmqNOV,https://t.co/YNtgCmqNOV,0.0,0.0,//at.staticfiles.at/css/editorial-consent-7a466b6adf.css
2018-07-07 13:23:44+00:00,"Fußball - WM-Viertelfinale live: Russland vs. Kroatien, 20 Uhr:  https://t.co/jQa6vMFll1",https://t.co/jQa6vMFll1,0.0,0.13636363636363635,https://www.derstandard.at/jetzt/livebericht/2000082833007/russland-vs-kroatien-sa-20-uhr
2018-07-04 09:57:49+00:00,Klagenfurt - 15 Monate bedingte Haft für Kroaten wegen Hitlergruß:  https://t.co/YPOLBr9cqu,https://t.co/YPOLBr9cqu,0.0,0.0,//at.staticfiles.at/css/editorial-consent-7a466b6adf.css
2018-07-01 21:18:34+00:00,"WM-Achtelfinale - 1:1 nach 120 Minuten: Die Elfer retten Kroatien, Dänemark out:  https://t.co/sD6b7XPkrD",https://t.co/sD6b7XPkrD,-0.5994,0.0,//at.staticfiles.at/css/editorial-consent-7a466b6adf.css
2018-07-01 13:02:48+00:00,"Fußball - WM-Achtelfinale live: Kroatien vs. Dänemark, 20 Uhr:  https://t.co/g4yVwEd924",https://t.co/g4yVwEd924,0.0,0.13636363636363635,https://www.derstandard.at/jetzt/livebericht/2000082382851/wm-achtelfinale-live-kroatien-vs-daenemark-so-20-uhr
2018-07-01 08:06:06+00:00,EU-Mitgliedschaft - Kroatien balanciert seit fünf Jahren am EU-Rand:  https://t.co/dqGy2FG3na,https://t.co/dqGy2FG3na,0.0,0.0,//at.staticfiles.at/css/editorial-consent-7a466b6adf.css
2018-06-26 13:16:44+00:00,"Fußball - WM live: Nigeria vs. Argentinien, Kroatien vs. Island, 20 Uhr:  https://t.co/wwh9mdijPd",https://t.co/wwh9mdijPd,0.0,0.13636363636363635,https://www.derstandard.at/jetzt/livebericht/2000082030980/wm-live-nigeria-vs-argentinien-kroatien-vs-island-di-20
2018-06-25 10:42:33+00:00,Wiederbetätigung - Hitlergruß am Loibacher Feld brachte Kroaten zwei Jahre bedingt:  https://t.co/vbsJCFBV2A,https://t.co/vbsJCFBV2A,0.0,0.0,//at.staticfiles.at/css/editorial-consent-7a466b6adf.css
2018-06-21 20:19:59+00:00,WM 2018: Gruppe D - Argentinien nach 0:3 gegen Kroatien vor dem Aus:  https://t.co/w8q3uioRIk,https://t.co/w8q3uioRIk,0.0,0.0,//at.staticfiles.at/css/editorial-consent-7a466b6adf.css
2018-06-21 11:54:49+00:00,"Fussball - WM live: Argentinien vs. Kroatien, 20 Uhr:  https://t.co/Y3NU0cs3U4",https://t.co/Y3NU0cs3U4,0.0,0.13636363636363635,https://www.derstandard.at/jetzt/livebericht/2000081733044/wm-argentinien-vs-kroatien-do-21-6-20-uhr
2018-06-19 09:00:18+00:00,Rechtsextremismus - 15 Monate bedingt für Hitlergruß bei Kroaten-Treffen in Bleiburg:  https://t.co/PzolnByROs,https://t.co/PzolnByROs,0.0,0.0,//at.staticfiles.at/css/editorial-consent-7a466b6adf.css
2018-06-16 21:28:37+00:00,2:0 - Kroatische Punktlandung gegen Nigeria:  https://t.co/ogCjijCVOG,https://t.co/ogCjijCVOG,0.0,0.0,//at.staticfiles.at/css/editorial-consent-7a466b6adf.css
2018-06-16 09:05:02+00:00,"Fußball - WM live: Kroatien vs. Nigeria, Sa., 21 Uhr:  https://t.co/iauaG0yYBK",https://t.co/iauaG0yYBK,0.0,0.13636363636363635,https://www.derstandard.at/jetzt/livebericht/2000081094484/wm-kroatien-vs-nigeria-16-6-21-uhr
2018-05-31 15:28:56+00:00,Flüchtlinge - Kroatische Polizei schoss auf Bus mit Flüchtlingen:  https://t.co/j5OHJaQqWj,https://t.co/j5OHJaQqWj,0.0,0.0,//at.staticfiles.at/css/editorial-consent-7a466b6adf.css
2018-05-12 13:01:41+00:00,Hintergrund - Ustascha-Gedenken hat auch in Kroatien Imageproblem:  https://t.co/1oc7CVH6n0,https://t.co/1oc7CVH6n0,0.0,0.0,//at.staticfiles.at/css/editorial-consent-7a466b6adf.css
2018-05-12 08:35:11+00:00,Kärnten - Kroaten-Treffen in Bleiburg: Bis zu 15.000 Teilnehmer erwartet:  https://t.co/ZnLiA1ads4,https://t.co/ZnLiA1ads4,0.0,0.0,//at.staticfiles.at/css/editorial-consent-7a466b6adf.css
2018-03-05 12:48:41+00:00,Übergangsfrist - Regierung will Arbeitsmarkt für Kroaten bis 2020 abschotten:  https://t.co/qp5XUISTvX,https://t.co/qp5XUISTvX,0.0,0.0,//at.staticfiles.at/css/editorial-consent-7a466b6adf.css
2018-02-14 18:34:07+00:00,Expansion - Salinen Austria wollen Meersalz aus Kroatien:  https://t.co/JWGatb1Brl,https://t.co/JWGatb1Brl,0.0,0.0,//at.staticfiles.at/css/editorial-consent-7a466b6adf.css
2018-02-05 16:42:23+00:00,Übergangsphase - AMS-Chef gegen Öffnung des Arbeitsmarktes für Kroaten:  https://t.co/Dd2aZTS0st,https://t.co/Dd2aZTS0st,0.0,0.0,//at.staticfiles.at/css/editorial-consent-7a466b6adf.css
2018-02-01 09:44:44+00:00,Grenzstreit - Slowenien will Kroatien wegen Bucht von Piran klagen:  https://t.co/YmA5nJ4JjF,https://t.co/YmA5nJ4JjF,0.0,0.0,//at.staticfiles.at/css/editorial-consent-7a466b6adf.css
2018-01-22 13:04:02+00:00,Handball - Handball-EM: Kroatiens Verpflichtung zum großen Wurf:  https://t.co/oQxX0RsbYx,https://t.co/oQxX0RsbYx,0.0,0.0,//at.staticfiles.at/css/editorial-consent-7a466b6adf.css
2018-01-19 10:56:40+00:00,Übergangsfrist - Regierung erwägt Verlängerung der Arbeitsbeschränkung für Kroaten:  https://t.co/G5yWFfnvfM,https://t.co/G5yWFfnvfM,0.0,0.0,//at.staticfiles.at/css/editorial-consent-7a466b6adf.css
2017-12-29 18:12:36+00:00,Grenzstreit - Slowenien will Schiedsspruch zur Grenze mit Kroatien umsetzen:  https://t.co/swBT8OjqbQ,https://t.co/swBT8OjqbQ,0.0,0.0,//at.staticfiles.at/css/editorial-consent-7a466b6adf.css
2017-12-20 10:18:27+00:00,Umsetzung - Slowenien und Kroatien wollen sich in Piran-Grenzstreit bald einigen:  https://t.co/ot9S7fGk8g,https://t.co/ot9S7fGk8g,0.0,0.0,//at.staticfiles.at/css/editorial-consent-7a466b6adf.css
2017-12-11 16:26:20+00:00,Bosnienkrieg - Kroatische Minister bei Gedenkfeier von Kriegsverbrecher Praljak:  https://t.co/lFy38BOzOw,https://t.co/lFy38BOzOw,0.0,0.0,//at.staticfiles.at/css/editorial-consent-7a466b6adf.css
2017-11-30 16:37:02+00:00,Kroatien - Kroatiens Rechte profitiert vom Suizid des Kriegsverbrechers Praljak:  https://t.co/vgqs9KhYj4,https://t.co/vgqs9KhYj4,0.0,0.0,//at.staticfiles.at/css/editorial-consent-7a466b6adf.css
2017-11-29 14:18:38+00:00,Slobodan Praljak - Militärchef der bosnischen Kroaten im Krieg:  https://t.co/8T7eekiU8S,https://t.co/8T7eekiU8S,0.0,0.0,//at.staticfiles.at/css/editorial-consent-7a466b6adf.css
2017-11-09 22:10:09+00:00,WM-Qualifikation - Kroatien und Schweiz nach Siegen vor WM-Qualifikation:  https://t.co/3q4qyueqWT,https://t.co/3q4qyueqWT,0.0,0.0,//at.staticfiles.at/css/editorial-consent-7a466b6adf.css
2017-10-27 05:57:37+00:00,Kroatien - Agrokor-Gründer Todoric droht Verhaftung:  https://t.co/IvQUdJQiVP,https://t.co/IvQUdJQiVP,0.0,0.0,//at.staticfiles.at/css/editorial-consent-7a466b6adf.css
2017-10-21 15:17:16+00:00,Agrokor-Pleite - Internationaler Haftbefehl: Mächtigster kroatischer Unternehmer gesucht:  https://t.co/HvQYMdemwZ,https://t.co/HvQYMdemwZ,0.0,0.0,//at.staticfiles.at/css/editorial-consent-7a466b6adf.css
2017-09-21 12:59:11+00:00,"Europa - Eine Brücke, die Kroatien und Bosnien-Herzegowina trennt:  https://t.co/8xZVNRHpq4",https://t.co/8xZVNRHpq4,-0.5994,0.0,//at.staticfiles.at/css/editorial-consent-7a466b6adf.css
2017-09-21 12:29:08+00:00,Firmenimperium - Sberbank fordert Milliarde Euro vom kroatischen Konzern Agrokor:  https://t.co/yh7tzTSnw1,https://t.co/yh7tzTSnw1,0.0,0.0,//at.staticfiles.at/css/editorial-consent-7a466b6adf.css
2017-09-13 11:13:36+00:00,Burgenland - Anita Malli: Grüne burgenlandkroatische Wienerin in Eisenstadt:  https://t.co/qAZA2Ftc0S,https://t.co/qAZA2Ftc0S,0.0,0.0,//at.staticfiles.at/css/editorial-consent-7a466b6adf.css
2017-08-23 05:52:15+00:00,"Steiermark - Abschiebungen nach Kroatien: ""Es trifft immer die, die sich integrieren wollen"":  https://t.co/nC37j9aUqL",https://t.co/nC37j9aUqL,-0.8316,0.0,//at.staticfiles.at/css/editorial-consent-7a466b6adf.css
2017-07-27 16:25:52+00:00,Dublin-Verordnung - Nach EU-Richterspruch hundert Rückschiebungen nach Kroatien:  https://t.co/FEoP5UT7rx,https://t.co/FEoP5UT7rx,0.0,0.0,//at.staticfiles.at/css/editorial-consent-7a466b6adf.css
2017-07-26 16:27:09+00:00,Flüchtlinge - EU-Höchstgericht zu Asylregeln: Kroatien befürchtet hunderte Rückschiebungen:  https://t.co/hqoq1WFXdT,https://t.co/hqoq1WFXdT,0.0,0.0,//at.staticfiles.at/css/editorial-consent-7a466b6adf.css
2017-07-19 10:36:16+00:00,Neues Gesetz - Steirische Raiffeisen holen umstrittene Kredite in Kroatien ein:  https://t.co/gHJvUZ6Hp7,https://t.co/gHJvUZ6Hp7,0.0,0.0,//at.staticfiles.at/css/editorial-consent-7a466b6adf.css
2017-06-29 16:05:43+00:00,Adelheid Wölfl - Grenzstreit Slowenien und Kroatien: Ätschi-Bätschi-Politik:  https://t.co/ZIgSgatUEn,https://t.co/ZIgSgatUEn,0.0,0.0,//at.staticfiles.at/css/editorial-consent-7a466b6adf.css
2017-06-29 13:23:39+00:00,Den Haag - Grenzstreit mit Kroatien: Schiedsspruch im Sinne Sloweniens:  https://t.co/sJFz085H3F,https://t.co/sJFz085H3F,0.0,0.0,//at.staticfiles.at/css/editorial-consent-7a466b6adf.css
2017-06-29 06:21:42+00:00,"Rechtsexperte zu Grenzstreit mit Kroatien - ""Für Slowenien wird es schwierig werden"":  https://t.co/ojNwHmDrzB",https://t.co/ojNwHmDrzB,0.0,0.0,//at.staticfiles.at/css/editorial-consent-7a466b6adf.css
2017-06-29 06:05:11+00:00,Schiedsspruch - Ein Urteil als Zündfunke im Streit zwischen Kroatien und Slowenien:  https://t.co/pr0LUEXi1u,https://t.co/pr0LUEXi1u,0.0,0.0,//at.staticfiles.at/css/editorial-consent-7a466b6adf.css
2017-06-12 16:44:57+00:00,Kroatien - Kroatiens Außenminister Stier zurückgetreten:  https://t.co/OMamfpZgz5,https://t.co/OMamfpZgz5,0.0,0.0,//at.staticfiles.at/css/editorial-consent-7a466b6adf.css
2017-05-15 14:41:53+00:00,Krise - Auch in Kroatien droht eine Neuwahl:  https://t.co/Y5a986gpYr,https://t.co/Y5a986gpYr,0.0,0.0,//at.staticfiles.at/css/editorial-consent-7a466b6adf.css
2017-05-13 20:02:39+00:00,Er wirkt lieb. Wir mögen Kroatien. https://t.co/XZ0OvdxpZp #ESC2017,https://t.co/XZ0OvdxpZp,0.0,0.0,https://www.derstandard.at/jetzt/livebericht/2000057455690/song-contest-2017-finale-mit-oesterreichbeteiligung-am-samstag
2017-05-03 10:18:29+00:00,Hotel Mama - Kroaten wohnen am längsten bei den Eltern:  https://t.co/n0Naep4YGK,https://t.co/n0Naep4YGK,0.0,0.0,//at.staticfiles.at/css/editorial-consent-7a466b6adf.css
2017-04-27 15:18:10+00:00,Neuwahlspekulation - Kroatien: Plenković beendet Koalition mit Most:  https://t.co/W1LGxowxnP,https://t.co/W1LGxowxnP,0.0,0.5,//at.staticfiles.at/css/editorial-consent-7a466b6adf.css
2017-03-20 06:07:47+00:00,Schulden - Kroatien: Sberbank gibt Lebensmittelkonzern Agrokor neuerlich Kredit:  https://t.co/jQZu2fPRDd,https://t.co/jQZu2fPRDd,0.0,0.0,//at.staticfiles.at/css/editorial-consent-7a466b6adf.css
2017-02-16 10:03:20+00:00,Regierung - Koalition in Kroatien: Beziehungskrise nach nur vier Monaten:  https://t.co/bpF3JNibhn,https://t.co/bpF3JNibhn,0.0,0.0,//at.staticfiles.at/css/editorial-consent-7a466b6adf.css
2017-02-10 10:09:29+00:00,"EU-Umsiedlungsprogramm - Chef der Grenzpolizei: ""Flüchtlinge wollen nicht in Kroatien bleiben"":  https://t.co/owfimH3kc0",https://t.co/owfimH3kc0,0.0,0.0,//at.staticfiles.at/css/editorial-consent-7a466b6adf.css
2017-02-05 08:08:56+00:00,Gesellschaftspolitik - Kroatiens Krieg um die Abtreibung:  https://t.co/I9eHG4yln3,https://t.co/I9eHG4yln3,-0.5994,0.0,//at.staticfiles.at/css/editorial-consent-7a466b6adf.css
2017-01-09 14:00:31+00:00,Flüchtlinge - Kroatiens Hotel für bis zu 600 Flüchtlinge:  https://t.co/16UTwqWlQp,https://t.co/16UTwqWlQp,0.0,0.0,//at.staticfiles.at/css/editorial-consent-7a466b6adf.css
2016-12-21 13:00:19+00:00,Eklat in Slowenien wegen kroatischer Bonbonniere: Weihnachtsgeschenk in Ljubljana als Provokation gedeutet: https://t.co/5OO4mD3wKV,https://t.co/5OO4mD3wKV,0.0,0.0,//at.staticfiles.at/css/editorial-consent-7a466b6adf.css
2016-12-16 17:00:16+00:00,Spar übernimmt alle Billa-Filialen in Kroatien: https://t.co/dsaFUsktKI,https://t.co/dsaFUsktKI,0.0,0.0,//at.staticfiles.at/css/editorial-consent-7a466b6adf.css
2016-12-09 07:30:11+00:00,Telekom Austria kauft kroatischen Festznetz-Anbieter Metronet: https://t.co/t8GexUpUOw,https://t.co/t8GexUpUOw,0.0,0.0,//at.staticfiles.at/css/editorial-consent-7a466b6adf.css
2016-11-30 15:15:08+00:00,#Flucht: Innenministerium will Rückschiebungen nach Kroatien fortsetzen: https://t.co/eSpEZFsTM6,https://t.co/eSpEZFsTM6,0.0,0.0,//at.staticfiles.at/css/editorial-consent-7a466b6adf.css
2016-10-23 20:30:09+00:00,Flüchtlinge: Neue kroatische Regierung will Migration begrenzen: https://t.co/KrKxoW13gG,https://t.co/KrKxoW13gG,0.0,0.0,//at.staticfiles.at/css/editorial-consent-7a466b6adf.css
2016-09-11 15:00:19+00:00,Parlamentswahlen in Kroatien: Nationalkonservative und Sozialdemokraten ringen um Platz 1 - https://t.co/bQlpzcPXy7,https://t.co/bQlpzcPXy7,0.0,0.0,//at.staticfiles.at/css/editorial-consent-7a466b6adf.css
2016-08-26 15:15:04+00:00,"Kern trifft Merkel und Kollegen aus Slowakei, Bulgarien und Kroatien: https://t.co/RxxvPYE7w2",https://t.co/RxxvPYE7w2,0.0,0.0,//at.staticfiles.at/css/editorial-consent-7a466b6adf.css
2016-08-03 17:30:12+00:00,Urteil gegen kroatische Geheimdienstler fördert Debatte um Vergangenheit: https://t.co/5rJ89vg4zI,https://t.co/5rJ89vg4zI,0.0,0.0,//at.staticfiles.at/css/editorial-consent-7a466b6adf.css
2016-07-25 08:00:33+00:00,Kroatien: Empörung über Aufhebung des Urteils gegen Kardinal Stepinac: https://t.co/aaw17mgLNY,https://t.co/aaw17mgLNY,0.0,0.0,//at.staticfiles.at/css/editorial-consent-7a466b6adf.css
2016-07-19 15:15:05+00:00,Wahlkampf in Kroatien: Bericht enthüllt brisante Details über Zahlungen im Vorfeld der letzten Wahl: https://t.co/hqR8Ke7aDC,https://t.co/hqR8Ke7aDC,0.0,0.0,//at.staticfiles.at/css/editorial-consent-7a466b6adf.css
2016-07-14 08:42:47+00:00,"#International: Kroaten wünschen sich mehrheitlich Machtwechsel. 
https://t.co/DXmoq4Vuks",https://t.co/DXmoq4Vuks,0.0,0.0,//at.staticfiles.at/css/editorial-consent-7a466b6adf.css
2016-06-30 17:00:09+00:00,"#Wirtschaft: Wo der Euro im Ausland am meisten wert ist: Besonders günstig sind Ungarn, die Türkei und Kroatien: https://t.co/w5wo4IIWol",https://t.co/w5wo4IIWol,-0.5994,0.0,//at.staticfiles.at/css/editorial-consent-7a466b6adf.css
2016-06-25 18:45:09+00:00,Hier geht's zum Ticker für Kroatien vs. Portugal: https://t.co/kC6xJUEYSC #EURO2016 https://t.co/XvhCyy03v3,https://t.co/kC6xJUEYSC,0.0,0.0,https://www.derstandard.at/jetzt/livebericht/2000039656145/liveticker-kroatien-vs-portugal-sa-21-uhr
2016-06-24 18:45:03+00:00,#EURO2016: Kroatien gegen Portugal – Zwei Teams haben viel vor: https://t.co/Zw9P8FWHm9,https://t.co/Zw9P8FWHm9,0.0,0.0,//at.staticfiles.at/css/editorial-consent-7a466b6adf.css
2016-06-22 10:36:06+00:00,"EURO: Im Schnitt 674.000 Zuschauer bei Kroatien gegen Spanien im ORF: 
https://t.co/KJacEYnbUP",https://t.co/KJacEYnbUP,0.0,0.0,//at.staticfiles.at/css/editorial-consent-7a466b6adf.css
2016-05-30 17:13:05+00:00,Kroatien erstmals beliebtestes Reiseziel der Österreicher: https://t.co/QkuasJRnq4,https://t.co/QkuasJRnq4,0.0,0.0,//at.staticfiles.at/css/editorial-consent-7a466b6adf.css
2016-05-17 09:00:13+00:00,"Kroatische Gedenkmesse auf Loibacher Feld zieht Leute mit faschistischer Einstellung an. @oliverastajic berichtet:
https://t.co/fjG5AuZd6w",https://t.co/fjG5AuZd6w,0.0,0.0,//at.staticfiles.at/css/editorial-consent-7a466b6adf.css
2016-05-08 16:00:26+00:00,In der kroatischen Koalition kracht es: https://t.co/Uh4Fghno60,https://t.co/Uh4Fghno60,0.0,0.0,//at.staticfiles.at/css/editorial-consent-7a466b6adf.css
2016-03-04 13:11:52+00:00,Kroatien: Regierung löst Chef der öffentlich-rechtlichen Medien ab: https://t.co/0sNB11iJ9Z,https://t.co/0sNB11iJ9Z,0.0,0.0,//at.staticfiles.at/css/editorial-consent-7a466b6adf.css
2016-02-23 08:36:55+00:00,"Flüchtlinge: Slowenien schickt Armee an die Grenze zu Kroatien: 
https://t.co/ccQqYdxGlw",https://t.co/ccQqYdxGlw,-0.5994,0.0,//at.staticfiles.at/css/editorial-consent-7a466b6adf.css
2015-12-24 10:00:22+00:00,Ein kroatischer Premier ist endlich geboren: https://t.co/JWwL0WbuHI,https://t.co/JWwL0WbuHI,0.0,0.0,//at.staticfiles.at/css/editorial-consent-7a466b6adf.css
2015-12-22 18:00:15+00:00,"Chaos bei Koalitionsverhandlungen in #Kroatien: Dialog unterbrochen, Präsidentin am Zug - https://t.co/QhaLz9EAcw",https://t.co/QhaLz9EAcw,-0.5719,0.0,//at.staticfiles.at/css/editorial-consent-7a466b6adf.css
2015-12-22 10:00:15+00:00,Kroatien steht offenbar vor Regierungsbildung: https://t.co/tTucFpy70J,https://t.co/tTucFpy70J,0.0,0.0,//at.staticfiles.at/css/editorial-consent-7a466b6adf.css
2015-12-14 20:00:31+00:00,[Userartikel] Die Styria in Kroatien: Erfolgsstory mit Schattenseiten: https://t.co/0o3lJvVMYA,https://t.co/0o3lJvVMYA,-0.5994,0.0,//at.staticfiles.at/css/editorial-consent-7a466b6adf.css
2015-12-08 08:00:18+00:00,Kroatiens Parteien verhandeln live über Regierungsbildung: https://t.co/kZk0DTyQnl,https://t.co/kZk0DTyQnl,0.0,0.13636363636363635,//at.staticfiles.at/css/editorial-consent-7a466b6adf.css
2015-11-12 19:30:07+00:00,Die neue kroatische Partei Most (Brücke) hat sich gespalten: https://t.co/oERFFnTutp,https://t.co/oERFFnTutp,-0.5994,0.5,//at.staticfiles.at/css/editorial-consent-7a466b6adf.css
2015-11-09 05:52:09+00:00,"Teilergebnis: Kroatische Konservative mit knapper Mehrheit: 
https://t.co/k7uyCk4caX",https://t.co/k7uyCk4caX,0.0,0.0,//at.staticfiles.at/css/editorial-consent-7a466b6adf.css
2015-11-08 18:13:05+00:00,Kroatische Regierung: Liberale Akzente und Wirtschaftsstillstand: https://t.co/jiu1nngdzO,https://t.co/jiu1nngdzO,0.0,0.0,//at.staticfiles.at/css/editorial-consent-7a466b6adf.css
2015-11-07 16:40:05+00:00,Kroatiens Konservative erhoffen Wahlsieg: https://t.co/yDPU1xythE,https://t.co/yDPU1xythE,0.0,0.0,//at.staticfiles.at/css/editorial-consent-7a466b6adf.css
2015-10-23 07:38:26+00:00,"Tausende Flüchtlinge kamen in der Nacht aus Kroatien nach Slowenien: 
https://t.co/kB0CFM7VG8",https://t.co/kB0CFM7VG8,0.0,0.0,//at.staticfiles.at/css/editorial-consent-7a466b6adf.css
2015-10-19 08:12:33+00:00,"Tausende Flüchtlinge sitzen in Kroatien fest: 
http://t.co/rfjAUY0EAc",http://t.co/rfjAUY0EAc,0.0,0.0,//at.staticfiles.at/css/editorial-consent-7a466b6adf.css
2015-10-17 07:00:42+00:00,Flüchtlingskrise: Ungarn schließt grüne Grenze zu Kroatien: http://t.co/JpYBRiXBPd,http://t.co/JpYBRiXBPd,0.0,0.0,//at.staticfiles.at/css/editorial-consent-7a466b6adf.css
2015-10-15 14:05:10+00:00,"Der ungarische Grenzzaun zu Kroatien ist fertig: 
http://t.co/ZthoudNriW",http://t.co/ZthoudNriW,0.0,0.0,//at.staticfiles.at/css/editorial-consent-7a466b6adf.css
2015-09-18 11:59:32+00:00,"Kroatien will eingereiste Flüchtlinge durchreisen lassen. Wir berichten live:
http://t.co/gQpTKHfmgU",http://t.co/gQpTKHfmgU,0.0,0.13636363636363635,https://www.derstandard.at/jetzt/livebericht/2000022399507/kroatien-schliesst-grenzuebergaenge-zu-serbien-fluechtlinge-weichen-auf-gruene-grenze
2015-09-17 17:17:40+00:00,"Kroatischer Innenminister Ostojić: ""Wir sind kein offenes Tor nach Europa""
http://t.co/XADZSWzQK4",http://t.co/XADZSWzQK4,0.0,0.0,https://www.derstandard.at/jetzt/livebericht/2000022348834/fluechtlingsstrom-von-salzburg-nach-bayern-haelt-an
2015-09-17 06:51:01+00:00,"TV: Rund 4.000 Menschen in Kroatien eingetroffen:
http://t.co/BiJ34NUpkI",http://t.co/BiJ34NUpkI,0.0,0.0,//at.staticfiles.at/css/editorial-consent-7a466b6adf.css
2015-09-16 11:42:56+00:00,Kroatien und Slowenien erwägen Flüchtlings-Korridor Richtung Österreich und Deutschland: http://t.co/rPBO2qFEaV,http://t.co/rPBO2qFEaV,0.0,0.0,https://www.derstandard.at/jetzt/livebericht/2000022295603/ruhige-lage-an-burgenlands-ostgrenze-grenzkontrolle-in-nickelsdorf-unterbrochen
2015-09-14 21:00:13+00:00,Banken planen in Kroatien Klage gegen Franken-Gesetz: http://t.co/OeGy9dIweq,http://t.co/OeGy9dIweq,0.0,0.0,//at.staticfiles.at/css/editorial-consent-7a466b6adf.css
2015-09-09 12:53:32+00:00,"#Sport: Kroatien trennt sich von Teamchef Kovac.
http://t.co/JhqD2RrdHK",http://t.co/JhqD2RrdHK,0.0,0.0,//at.staticfiles.at/css/editorial-consent-7a466b6adf.css
2015-09-03 17:45:08+00:00,Kroatien: Bankenprotest gegen Zwangsumtausch von Frankenkrediten: http://t.co/ieKOjvyAMS,http://t.co/ieKOjvyAMS,0.0,0.0,//at.staticfiles.at/css/editorial-consent-7a466b6adf.css
2015-08-12 20:30:06+00:00,IS-Terroristen ermordeten kroatische Geisel: http://t.co/Sv26uJWSct,http://t.co/Sv26uJWSct,0.0,0.0,//at.staticfiles.at/css/editorial-consent-7a466b6adf.css
2015-08-05 13:04:20+00:00,"Schiedsgericht zwischen Slowenien und Kroatien gibt in Grenzstreit auf:
http://t.co/lzMmewq7t1",http://t.co/lzMmewq7t1,0.0,0.0,//at.staticfiles.at/css/editorial-consent-7a466b6adf.css
2015-08-03 13:23:08+00:00,"Kroatien erwägt Einführung von Autobahnvignette:
http://t.co/zUTbT771K5",http://t.co/zUTbT771K5,0.0,0.0,//at.staticfiles.at/css/editorial-consent-7a466b6adf.css
2015-07-29 09:30:09+00:00,OMV steigt aus Bohrprojekt in der kroatischen Adria aus: http://t.co/o62cVKGHhE,http://t.co/o62cVKGHhE,0.0,0.0,//at.staticfiles.at/css/editorial-consent-7a466b6adf.css
2015-07-28 11:37:43+00:00,"Hitzewelle führt zu Bränden in Kroatien und der Herzegowina:
http://t.co/d236avzime",http://t.co/d236avzime,0.0,0.0,//at.staticfiles.at/css/editorial-consent-7a466b6adf.css
2015-07-23 12:20:34+00:00,"""Pirangate"" entfacht Grenzstreit zwischen Slowenien und Kroatien:
http://t.co/wmRkDBPpOE",http://t.co/wmRkDBPpOE,0.0,0.0,//at.staticfiles.at/css/editorial-consent-7a466b6adf.css
2015-03-13 16:00:18+00:00,Baumax zieht sich aus Kroatien zurück: http://t.co/T10x1Au2oA,http://t.co/T10x1Au2oA,0.0,0.0,//at.staticfiles.at/css/editorial-consent-7a466b6adf.css
2015-02-15 17:26:04+00:00,Kroatiens erste Präsidentin vereidigt: http://t.co/O4GXWBXj0H,http://t.co/O4GXWBXj0H,0.0,0.0,//at.staticfiles.at/css/editorial-consent-7a466b6adf.css
2015-01-12 07:48:07+00:00,Gestern wurde die Präsidentschaftswahl in Kroatien entschieden: http://t.co/pcHNRPNmkO,http://t.co/pcHNRPNmkO,-0.5994,0.0,//at.staticfiles.at/css/editorial-consent-7a466b6adf.css
2015-01-11 21:46:49+00:00,Kolinda Grabar-Kitarović ist laut aktuellem Stand neue kroatische Präsidentin: http://t.co/kAvcv5rtGY,http://t.co/kAvcv5rtGY,0.0,0.0,//at.staticfiles.at/css/editorial-consent-7a466b6adf.css
2015-01-11 19:32:13+00:00,"Wahlen in #Kroatien: Kopf-an-Kopf-Rennen zwischen Josipović und Grabar-Kitarović, Auszählung läuft http://t.co/kAvcv5rtGY",http://t.co/kAvcv5rtGY,0.0,0.0,//at.staticfiles.at/css/editorial-consent-7a466b6adf.css
2015-01-11 09:29:15+00:00,Kroatien: Stichwahl um Präsidentenamt: http://t.co/59joAH0IgU,http://t.co/59joAH0IgU,0.0,0.0,//at.staticfiles.at/css/editorial-consent-7a466b6adf.css
2015-01-02 15:00:25+00:00,OMV sichert sich Öl-Lizenzen in Kroatien: http://t.co/snNMh7ZBRl,http://t.co/snNMh7ZBRl,0.0,0.0,//at.staticfiles.at/css/editorial-consent-7a466b6adf.css
2014-12-28 18:30:22+00:00,Präsidentschaftswahlen in Kroatien: Josipovic nur knapp vorne. http://t.co/5FKDEqRFsI,http://t.co/5FKDEqRFsI,0.0,0.0,//at.staticfiles.at/css/editorial-consent-7a466b6adf.css
2014-10-16 15:42:10+00:00,Abtreibungen werden an Kroatiens Spitälern immer schwieriger: http://t.co/9L4CiGCLNL via @dieStandardat,http://t.co/9L4CiGCLNL,0.0,0.0,//at.staticfiles.at/css/editorial-consent-7a466b6adf.css
2014-09-01 18:05:12+00:00,Ab dieser Woche können sich Lesben und Schwule in Kroatien verpartnern: http://t.co/5oUPiCvovP,http://t.co/5oUPiCvovP,0.0,0.0,//at.staticfiles.at/css/editorial-consent-7a466b6adf.css
2014-08-15 11:20:16+00:00,Bizarrer Fund: Kroatische Polizei nimmt Penis-Sammler fest: http://t.co/BE9UaFwan8,http://t.co/BE9UaFwan8,0.0,0.0,//at.staticfiles.at/css/editorial-consent-7a466b6adf.css
2014-08-01 16:02:02+00:00,Kroatien will Titos Schule in Kumrovec und Gefängnisinsel loswerden: http://t.co/wCVv1jyZM1,http://t.co/wCVv1jyZM1,0.0,0.0,//at.staticfiles.at/css/editorial-consent-7a466b6adf.css
2014-06-01 06:21:31+00:00,Fußball: Niederländer und Kroaten mit Testspielsiegen. http://t.co/rICgAtTNVs via @SportStandardAt,http://t.co/rICgAtTNVs,0.0,0.0,//at.staticfiles.at/css/editorial-consent-7a466b6adf.css
2014-03-14 19:22:55+00:00,"EU Blog: Kroatien, die Provinz im EU Parlament oder ""Milanović packt seine Koffer"" http://t.co/FiFIP0DzpL",http://t.co/FiFIP0DzpL,-0.5994,0.0,//at.staticfiles.at/css/editorial-consent-7a466b6adf.css
2013-12-12 11:22:03+00:00,Kroatien: Gesetz zu Partnerschaft für Lesben und Schwule beschlossen: http://t.co/35hAu5PW1P via @diestandardat,http://t.co/35hAu5PW1P,0.0,0.0,//at.staticfiles.at/css/editorial-consent-7a466b6adf.css
2013-12-03 07:02:06+00:00,Kroatiens Premier will Minderheiten-Referendum bekämpfen: http://t.co/emlABVqFKY,http://t.co/emlABVqFKY,0.0,0.0,//at.staticfiles.at/css/editorial-consent-7a466b6adf.css
2013-12-01 16:08:53+00:00,Referendum in Kroatien: Ehe nur zwischen Mann und Frau http://t.co/nLtukDuhyA,http://t.co/nLtukDuhyA,0.0,0.0,//at.staticfiles.at/css/editorial-consent-7a466b6adf.css
2013-11-29 07:01:16+00:00,"Kroatische Grenzpolizei fand 4,75 Millionen Euro in Lkw: http://t.co/kPxkvP3b6p",http://t.co/kPxkvP3b6p,0.0,0.0,//at.staticfiles.at/css/editorial-consent-7a466b6adf.css
2013-11-04 19:34:28+00:00,#Reisen: Mit der Harley-Davidson durch Kroatien: http://t.co/pxTdOVXIM2,http://t.co/pxTdOVXIM2,0.0,0.0,//at.staticfiles.at/css/editorial-consent-7a466b6adf.css
2013-11-03 18:15:26+00:00,Kroatien droht EU-Defizitverfahren: http://t.co/Bb9F3QZWAc,http://t.co/Bb9F3QZWAc,0.0,0.0,//at.staticfiles.at/css/editorial-consent-7a466b6adf.css
2013-10-28 16:36:07+00:00,RT @derGianni: Ich war mit einer #Harley und ein paar Freunden in #Kroatien unterwegs. Hier die Fotoreportage dazu: http://t.co/ocEDOivMFh,http://t.co/ocEDOivMFh,-0.8316,0.0,//at.staticfiles.at/css/editorial-consent-7a466b6adf.css
2013-10-10 18:26:12+00:00,#Wirtschaft: Hauspreise in Kroatien rasseln nach unten: http://t.co/jcvFAtIvxv,http://t.co/jcvFAtIvxv,0.0,0.0,//at.staticfiles.at/css/editorial-consent-7a466b6adf.css
2013-09-27 14:16:38+00:00,[Glosse] von @dastandardat: Balkanskys Hitliste kroatischer VIPs: http://t.co/C804pBl7hN,http://t.co/C804pBl7hN,0.0,0.0,//at.staticfiles.at/css/editorial-consent-7a466b6adf.css
2013-09-18 12:30:28+00:00,EU hat Strafverfahren gegen Kroatien offiziell eingeleitet: http://t.co/gJfXy9ByS3,http://t.co/gJfXy9ByS3,0.0,0.0,//at.staticfiles.at/css/editorial-consent-7a466b6adf.css
2013-06-29 19:50:15+00:00,"Kroaten über den EU-Beitritt: ""Wir erwarten uns gar nichts."" http://t.co/YDdvZdbYsP",http://t.co/YDdvZdbYsP,0.0,0.0,//at.staticfiles.at/css/editorial-consent-7a466b6adf.css
2013-06-27 18:50:15+00:00,"""Kroatien ist nicht das einzige schwarze Schaf in der EU"": http://t.co/0x8FkQBC7P",http://t.co/0x8FkQBC7P,0.0,0.0,//at.staticfiles.at/css/editorial-consent-7a466b6adf.css
2013-06-15 19:30:38+00:00,"Nichtverheiratete, Nichtheterosexuelle und Nichtgläubige sind in Kroatien Anfeindungen ausgesetzt http://t.co/2lXReutZ2r",http://t.co/2lXReutZ2r,0.0,0.0,//at.staticfiles.at/css/editorial-consent-7a466b6adf.css
2013-06-03 12:48:35+00:00,Kroatien: Befürchteter Rechtsruck bleibt aus: http://t.co/pDGiLy8I9Z #Lokalwahlen,http://t.co/pDGiLy8I9Z,0.0,0.0,//at.staticfiles.at/css/editorial-consent-7a466b6adf.css
2013-05-22 14:58:47+00:00,Der Sexualkundeunterricht erhitzt in Kroatien die Gemüter. Jetzt wurde er sogar außer Kraft gesetzt: http://t.co/tHF9SjHKtj,http://t.co/tHF9SjHKtj,-0.5994,0.0,//at.staticfiles.at/css/editorial-consent-7a466b6adf.css
2013-03-01 13:32:58+00:00,Kroatien soll Waffen an syrische Rebellen geliefert haben http://t.co/zoj03wAexX,http://t.co/zoj03wAexX,0.0,0.0,//at.staticfiles.at/css/editorial-consent-7a466b6adf.css
2013-01-04 08:33:33+00:00,Kroatien: Ortstafelstreit rührt an Kriegserinnerung http://t.co/RCzyI83K,http://t.co/RCzyI83K,0.0,0.0,//at.staticfiles.at/css/editorial-consent-7a466b6adf.css
2012-12-06 16:16:00+00:00,Kroatischer Ex-General Gotovina stößt Ultrarechte vor den Kopf http://t.co/DFcXMBsS,http://t.co/DFcXMBsS,0.0,0.0,//at.staticfiles.at/css/editorial-consent-7a466b6adf.css
2012-11-27 08:38:04+00:00,Blockbuster in Griechenland wie in Kroatien: Die türkische Soapopera über das Leben von Süleyman dem Prächtigen http://t.co/fsuT6aRo,http://t.co/fsuT6aRo,0.0,0.0,//at.staticfiles.at/css/editorial-consent-7a466b6adf.css
2012-11-22 18:21:59+00:00,Die Hypo Kärnten verkauft die Verlustreiche kroatische Verpackungsgruppe Aluflex: http://t.co/pEFPmEHL,http://t.co/pEFPmEHL,-0.8316,0.0,//at.staticfiles.at/css/editorial-consent-7a466b6adf.css
2012-11-20 09:27:11+00:00,Früherer kroatischer Regierungschef Sanader wegen Korruption verurteilt http://t.co/OEUnpJOu,http://t.co/OEUnpJOu,0.0,0.0,//at.staticfiles.at/css/editorial-consent-7a466b6adf.css
2012-11-11 17:40:33+00:00,"Kroatischer Expremier Ivo Sander im Standard-Interview: Der Staatsanwalt sagte: ""Ivo wird das verstehen"" : http://t.co/MaFrWCEA",http://t.co/MaFrWCEA,0.0,0.0,//at.staticfiles.at/css/editorial-consent-7a466b6adf.css
2012-10-15 10:30:01+00:00,Bankeinlagen entzweien Kroatien und Slowenien http://t.co/wZx5qRlm,http://t.co/wZx5qRlm,0.0,0.0,//at.staticfiles.at/css/editorial-consent-7a466b6adf.css
2012-07-21 10:24:32+00:00,Minister Norbert Darabos u. Schauspielerin Eva Maria Marold über kroatische Wurzeln fehlende Radikalität in der Politik:http://t.co/7Jp25bfn,http://t.co/7Jp25bfn,0.0,0.0,//at.staticfiles.at/css/editorial-consent-7a466b6adf.css
2012-06-18 20:38:58+00:00,Euro: Spanien steht nach einem 1:0 gegen Kroatien ebenso im Viertelfinale wie Italien nach einem 2:0 gegen Irland. http://t.co/NuIOmEuW,http://t.co/NuIOmEuW,0.0,0.0,//at.staticfiles.at/css/editorial-consent-7a466b6adf.css
2012-06-18 18:23:19+00:00,"Live: Der Aufstieg in Gruppe C steht auf dem Spiel. Chancen haben Spanien, Kroatien und Italien. http://t.co/3tEv8xP0",http://t.co/3tEv8xP0,0.0,0.13636363636363635,//at.staticfiles.at/css/editorial-consent-7a466b6adf.css
2012-06-10 18:42:30+00:00,Der nächste Euro-Ticker steht in den Startlöchern. Irland vs. Kroatien. http://t.co/lYht3IAE,http://t.co/lYht3IAE,0.0,0.0,//at.staticfiles.at/css/editorial-consent-7a466b6adf.css
2009-09-16 14:24:45+00:00,Kroatien und die EU - Politikwissenschafter Vedran Dzihic im derStandard.at-Interview http://bit.ly/riOAs,http://bit.ly/riOAs,-0.5994,0.0,//at.staticfiles.at/css/editorial-consent-7a466b6adf.css
